Actual,Predicted,Error
0.7589204014567412,1.217206867527529,-0.4582864660707877
-0.4896858920935341,0.04365890250235782,-0.5333447945958919
0.4454609063043912,0.27451740983786965,0.17094349646652157
0.333312754041511,0.5315897747734025,-0.19827702073189152
-0.7882025247181391,0.053101930087593785,-0.8413044548057329
1.810583414550461,0.9325743434949051,0.8780090710555558
0.6397848471699337,0.061091244796895317,0.5786936023730384
0.3397603708010693,0.8454297275512294,-0.50566935675016
0.88935125093099,1.0614084190595765,-0.1720571681285865
-1.1419379021894536,-1.0721849209269112,-0.06975298126254237
-1.1395200736247433,-1.0218151648457403,-0.11770490877900297
-0.4653392490450927,-0.19353328619092025,-0.27180596285417247
0.7481324695229971,0.6616417207376605,0.08649074878533658
-0.0028343458812511,0.26086820289827795,-0.26370254877952903
0.5209895766588855,0.841977722486528,-0.32098814582764257
0.5160457379778473,0.5446224975955763,-0.028576759617729097
-0.3105384323791316,0.3356515566690882,-0.6461899890482198
1.088355317348996,0.37806605576759356,0.7102892615814024
-0.0731714916393423,1.1366253651423204,-1.2097968567816626
0.878102868827221,0.28205448219747475,0.5960483866297462
1.2011538697465851,1.1310096875337887,0.07014418221279639
0.998992121960818,0.6925405731872271,0.30645154877359093
0.5220085541371953,-0.47785609354860714,0.9998646476858024
-1.1279144965141343,-1.0514592888640322,-0.07645520765010216
0.7919240626179785,0.5830772100892766,0.20884685252870194
-1.1165507022599963,-1.102058449427234,-0.014492252832762231
1.6505040407778375,0.5623181226917723,1.0881859180860651
-1.1264637993753084,-0.8177890538885771,-0.30867474548673124
1.4577834219118742,0.986303883890055,0.4714795380218192
0.903960033994812,-0.2472722185651347,1.1512322525599465
1.1208233282690157,0.7971415485222842,0.3236817797467314
0.1723418858558629,0.19996214174920623,-0.027620255893343326
1.6539944244532094,0.8470536669132461,0.8069407575399633
-0.179804438927877,-0.3397641661892067,0.15995972726132968
0.5120553011394806,-0.02783132987888648,0.5398866310183671
0.7121046984233566,0.4401162025954982,0.27198849582785833
0.1063196552596817,0.3656865141839588,-0.25936685892427713
-1.1209027936764748,-1.0141371701193427,-0.10676562355713215
-0.281619034223604,-0.16393754527318238,-0.11768148895042163
0.1916248053409861,0.6772680280243862,-0.4856432226834001
-1.1136493079823442,-1.0110063253018602,-0.102642982680484
-0.3336125454308196,0.9798814128762464,-1.313493958307066
-1.1182431822552936,-1.0944656843649327,-0.023777497890360877
0.5813329626674624,0.6783431564153227,-0.09701019374786035
0.5875594554995697,0.4649111267120599,0.12264832878750975
-0.1750142513945059,0.03916276798057383,-0.21417701937507974
-0.1892445911772209,-0.008899407812147486,-0.1803451833650734
0.7218860118860112,0.5010180553511866,0.2208679565348246
0.0943116717629915,0.33995233528737534,-0.24564066352438385
-1.1279144965141343,-1.0889990859168615,-0.03891541059727288
-0.046481163934974,-0.2720237928968653,0.22554262896189128
-0.4715277413557522,-0.3530596076391963,-0.1184681337165559
0.9167303337151298,0.8005067422858688,0.11622359142926098
-0.0322093290824112,-0.13884663733822367,0.10663730825581247
1.347485241142487,1.107257694241488,0.2402275469009989
-1.134684416495323,-1.0603935339256216,-0.07429088256970129
1.524237477981799,0.3473946428222935,1.1768428351595057
1.5121462096727902,1.1004683763472434,0.41167783332554686
0.6529511834002759,0.24158301317084907,0.41136817022942684
1.0473604330414987,1.2935317912271849,-0.24617135818568614
-0.2004630640809873,-0.12047502255345965,-0.07998804152752764
-0.4266857750587016,0.8001713185522813,-1.2268570936109828
-0.3855401994904127,-0.31104362041588374,-0.07449657907452895
1.9377529037127368,1.6959688713093666,0.2417840324033702
0.1035260617887545,0.7328179944021632,-0.6292919326134088
-0.1804888270889665,0.08371797284581406,-0.2642067999347806
2.350128486858407,0.08859952061218201,2.261528966246225
-1.134442633638852,-1.1113323045588928,-0.023110329079959246
0.0328470596588773,1.1199674993740971,-1.0871204397152199
0.7424046790188508,0.639319688652266,0.1030849903665848
0.9273690244560244,0.6357534285456442,0.2916155959103802
-0.1555753335152638,-0.465281066080822,0.3097057325655582
1.2109773486293356,0.7942541355481848,0.4167232130811508
-0.605219471164171,0.06017182218047468,-0.6653912933446456
0.5145830559963744,-0.11489070881736574,0.6294737648137402
1.050203813410704,0.7718590401980795,0.2783447732126244
0.2129691826508581,0.09765098805617345,0.11531819459468465
-0.0921724789659111,-0.5095175407042458,0.41734506173833474
1.6109029206713568,0.47243704064838943,1.1384658800229674
-0.3479287937170216,-0.09747366501273669,-0.25045512870428494
-0.6249692238560138,-0.08582250964771798,-0.5391467142082959
2.173841626577552,0.3018543049550716,1.8719873216224805
1.0735553443659511,0.7578787324883699,0.3156766118775812
-1.1238041879541272,-1.0907043147347115,-0.033099873219415654
-1.1298487593659026,-1.1266116235083,-0.0032371358576026577
-0.4543467535455809,0.04469418163927752,-0.4990409351848584
1.833625916697716,1.3894589586861716,0.4441669580115444
-1.1329919365000258,-1.0609298966446832,-0.07206203985534265
-0.1649170344617729,0.44712867490544894,-0.6120457093672218
-1.1385529421988592,-1.0532099014696026,-0.08534304072925658
0.6186276984137207,0.6600404983414635,-0.04141279992774283
2.2053770834433166,1.881444484669359,0.32393259877395764
-1.1279144965141343,-1.0860986537237396,-0.04181584279039474
-1.1375858107729753,-1.0590491686414918,-0.07853664213148348
0.1671304638202257,-0.09010444090445369,0.25723490472467936
-0.4504284277831281,-0.3489268287610766,-0.10150159902205147
1.7454099666380951,1.614330467064546,0.13107949957354914
-0.134301882010491,-0.1475344113352337,0.013232529324742698
0.5171977572912578,0.3637793193327047,0.15341843795855314
1.1769178962522056,0.9118010036944787,0.26511689255772686
0.2339066013507885,0.08526849615228904,0.14863810519849946
0.5363534585082237,0.45201239985183295,0.08434105865639074
0.0372416111680749,0.1304152560408648,-0.0931736448727899
0.8535318143902326,1.0127357498627614,-0.15920393547252876
-1.134926199351794,-1.0176262970773124,-0.11729990227448162
0.1560115545784772,-0.04908136119149309,0.2050929157699703
-1.1310576736482576,-1.0767679606596379,-0.05428971298861973
0.2516577074063593,0.07447206715239607,0.17718564025396322
1.7046046135815236,1.059293552064915,0.6453110615166087
0.6626278113727635,-0.42876921636080034,1.0913970277335638
0.8546677269984835,0.19406432907504156,0.6606033979234419
-0.1235750529804736,-0.40500818218579504,0.28143312920532143
-1.1288816279400185,-0.846138462907233,-0.2827431650327854
-1.134442633638852,-1.005100285251661,-0.12934234838719094
1.0378248820287848,0.5639535899891867,0.4738712920395981
0.7679368990457365,1.025866772122071,-0.2579298730763344
0.0915528343885505,0.3039004888400195,-0.21234765445146903
1.107662097151966,0.6394727914941737,0.46818930565779227
0.8448962531520579,0.6195683348407076,0.22532791831135024
1.3011925893541982,0.9052450733660541,0.39594751598814415
-0.0200919904108771,0.5227846625900506,-0.5428766530009277
0.5369149158278884,0.25828986658227293,0.2786250492456155
0.4245422296483763,0.06746369204551284,0.35707853760286346
-1.136135113634149,-1.0775281818375264,-0.058606931796622685
-0.5553186778167405,0.3411747304734293,-0.8964934082901698
-0.5264188262310497,0.724584482789162,-1.2510033090202117
0.0808337756860774,0.0827278247794404,-0.0018940490933630066
0.0413767369754308,0.162231450931961,-0.1208547139565302
0.5208284068201628,0.578396408659332,-0.0575680018391691
-0.3852841771974324,0.3748616971777182,-0.7601458743751506
-1.122620981517311,-0.9057925883890365,-0.2168283931282744
0.7035207680569338,0.7864226551817507,-0.08290188712481694
-1.1211445765329455,-1.103621563191362,-0.01752301334158357
-0.3406811928538774,0.27051191052680024,-0.6111931033806777
-1.1375858107729753,-1.0719207151075578,-0.06566509566541745
-1.1329919365000258,-1.1255789274596708,-0.007413009040355023
-0.4979884548384229,0.14713515938578914,-0.645123614224212
-1.124045970810598,-1.1455716780950893,0.021525707284491213
-0.3164109483080823,0.8702059837204842,-1.1866169320285664
0.6651279349186946,0.633080476107397,0.03204745881129756
1.5645817236787378,0.7303668410609295,0.8342148826178083
-1.120281339231947,-1.0776340551222545,-0.04264728410969254
-0.471063175903534,0.33112099375948756,-0.8021841696630216
-1.1385529421988592,-1.069194173634233,-0.0693587685646262
-0.3011401741724364,-0.06388005991833012,-0.23726011425410626
1.1202525082848216,0.84276576510989,0.2774867431749316
1.4882218871645208,0.28704475322032363,1.201177133944197
0.4163252245375776,0.4031757277931841,0.013149496744393474
2.358946042428544,1.6243764709366362,0.734569571491908
-1.1337172850694388,-1.1283695730541008,-0.005347712015338013
0.1315730022477968,-0.12780089750241264,0.2593738997502094
1.2202072858905066,0.28473943061977447,0.9354678552707322
0.1058318385758223,-0.4115640624522293,0.5173959010280517
-1.13637689649062,-0.8606526139580006,-0.2757242825326194
0.3167313516678061,0.14238308113172427,0.17434827053608182
1.0564030688373809,0.2500324485227615,0.8063706203146194
0.4067316727770554,0.5690268744074986,-0.16229520163044314
-1.1332337193564967,-1.1388069324159131,0.005573213059416382
-1.1101264592601645,-0.8977828804922215,-0.21234357876794296
2.1263451904284283,1.5666417404927797,0.5597034499356486
-0.0762597023372139,-0.32389979731232255,0.24764009497510864
-1.124771319380011,-1.16488715111979,0.04011583173977895
1.1327745823609807,0.7766977794060143,0.35607680295496646
0.0650274242208447,0.3964813971789626,-0.33145397295811785
1.2016907118389355,1.131665286255858,0.07002542558307745
-1.1404872050506274,-0.8549350852209312,-0.2855521198296962
-1.135409765064736,-0.956093484160116,-0.17931628090461993
-0.4409014647845182,-0.19043503175752174,-0.25046643302699645
0.0343586576813952,-0.42364091908407076,0.45799957676546593
1.0484025063217677,0.7269606811119075,0.3214418252098602
1.0159123762702484,-0.08042381431840417,1.0963361905886526
1.4783358618904203,1.263555593565437,0.21478026832498331
-0.5868810708349921,-0.28062228248760523,-0.30625878834738685
0.2040515601457253,1.0027053250644133,-0.798653764918688
-0.5093874107421675,-0.1289187063639159,-0.38046870437825164
-0.5878306520680943,-0.252039226015195,-0.33579142605289924
-0.4227184537632529,-0.28990456362032324,-0.13281389014292966
-0.0166740803284044,0.30465225572405796,-0.32132633605246236
-1.1254966679494245,-1.1012757802781383,-0.024220887671286162
-0.5386383821312656,-0.08267492997022963,-0.45596345216103595
1.130311449764441,0.6844646233142414,0.4458468264501997
-1.1329919365000258,-0.9463965310430404,-0.18659540545698539
1.0291566405631285,0.6069086109314002,0.42224802963172825
0.1720385201178635,0.5358943381305589,-0.3638558180126954
2.3547127169548423,1.5958131388035994,0.7588995781512429
-0.5766272661628928,0.08120839334174923,-0.6578356595046421
1.5152294560133617,0.8283743449584308,0.6868551110549309
-0.6822780512237521,-0.09901025802119723,-0.5832677932025548
-1.1303323250788446,-0.9980229474547397,-0.13230937762410488
-0.0939672374539323,0.5187626667715638,-0.6127299042254961
-1.1397618564812144,-0.8457195761303902,-0.29404228035082425
0.1960995693820806,0.9552584797981724,-0.7591589104160917
-0.0141098924788203,0.6620998739896574,-0.6762097664684777
-0.1033239327464176,-0.45552279358576686,0.35219886083934926
-0.5433401863193441,0.5212084208619715,-1.0645486071813157
-1.133475502212968,-0.9847654567345006,-0.14871004547846733
0.9118676776561288,0.6582228171515353,0.25364486050459345
-0.1677492907110263,0.05412806175310114,-0.22187735246412743
0.6912104516894776,0.6866134435596684,0.0045970081298092325
-1.1332337193564967,-0.8341376325175222,-0.2990960868389746
0.4217840378159562,0.7892493611120307,-0.3674653232960745
0.7753622680781527,0.4271047078979652,0.3482575601801875
0.4925316848357925,0.48485297179705655,0.0076787130387359626
-0.1310009318661873,-0.06468918510709332,-0.06631174675909399
0.4311211500827898,0.18648471499563912,0.24463643508715066
0.3051750895710436,1.2078494365028902,-0.9026743469318466
1.518291192308639,0.5803895265579687,0.9379016657506704
0.4923835691627646,0.31910342867117947,0.17328014049158513
0.9117944805423096,1.2592458702185283,-0.3474513896762187
1.2643091178725223,0.9163352002205679,0.3479739176519544
0.97923712339969,0.34551051253533693,0.6337266108643531
-0.0891972653275953,0.3212309257028948,-0.4104281910304901
-0.5181303059699043,-0.16983127528448438,-0.3482990306854199
0.2175407459068107,-0.010906806537006042,0.22844755244381673
-0.7815586377342938,-0.26015129761895295,-0.5214073401153408
0.1257967691000872,-0.3274021787166296,0.45319894781671677
0.52482257819583,1.2422670849782502,-0.7174445067824202
1.1484670694636443,0.8310775278929924,0.3173895415706519
-0.5443613687750622,0.20460254328672967,-0.7489639120617919
-1.1300905422223737,-1.07153541796773,-0.0585551242546436
-0.3793434999105424,0.27448793385138004,-0.6538314337619224
0.8999412473918313,0.20998373340565568,0.6899575139861757
-0.0957004692571988,-0.06667543840453638,-0.02902503085266242
1.8109666485312796,1.010959093852351,0.8000075546789287
0.9374046104038256,0.6750657788022497,0.2623388316015759
1.5959500448697916,1.4563051357328343,0.13964490913695737
0.4277548394835221,0.9041742959923215,-0.47641945650879935
-0.7388829438605642,-0.3581030973899032,-0.380779846470661
0.6003423790242354,0.07054636465881348,0.5297960143654219
0.9875666784938408,0.9532138569182419,0.034352821575598935
-1.1298487593659026,-1.1612636704437838,0.03141491107788119
1.648112817237176,1.0488350261577581,0.5992777910794178
-0.3824308878545854,0.27381988595460227,-0.6562507738091876
-1.1264637993753084,-1.05925490145246,-0.06720889792284845
0.5117725148385512,0.4185041173006733,0.09326839753787797
-0.239659259923447,0.07397050678189021,-0.3136297667053372
-1.134684416495323,-1.2001759204978921,0.0654915040025692
0.5972916210256483,0.47646819828123343,0.12082342274441482
0.7440620155924493,0.6759049604195199,0.06815705517292947
-0.4878256075863297,-0.29347580358922376,-0.19434980399710594
-1.1325083707870838,-1.0262126851737998,-0.10629568561328395
-1.1315412393611997,-1.1632601439224217,0.03171890456122206
-1.122620981517311,-1.1640081088237615,0.041387127306450555
-0.5628991845205813,-0.3256626188776772,-0.23723656564290407
-0.4445819143723398,0.4482552016722513,-0.8928371160445912
-1.137344027916504,-1.039742967360942,-0.09760106055556195
-1.128548273510067,-0.8455101327419688,-0.2830381407680981
-0.1945838339869019,-0.3082798242348924,0.11369599024799051
0.1005816859174968,0.7465160264634328,-0.645934340545936
-0.2648774634898633,-0.09321964634951385,-0.17165781714034944
0.3266518267181811,0.41347628982644513,-0.08682446310826403
1.870321495855804,1.6016493587728329,0.2686721370829712
0.4177856949613219,0.448220375443909,-0.03043468048258713
0.4715317562003278,0.5091714389925822,-0.037639682792254436
0.8809317464758395,0.03843672275179999,0.8424950237240395
0.0734580046925433,0.4057680814106571,-0.33231007671811386
-0.7853287303629033,0.5204434435000708,-1.305772173862974
0.7019685174593544,-0.044269859313800786,0.7462383767731552
1.196962764376702,0.9997441769413161,0.1972185874353859
0.2051028239459844,0.11595366604140656,0.08914915790457784
1.0058186488186465,0.5943730070064405,0.411445641812206
-0.886259964090136,-0.44835820688749817,-0.4379017572026378
1.7743922919298654,0.962639809390985,0.8117524825388803
1.3196912937321366,1.1684814155824834,0.15120987814965314
-0.6427154895954199,-0.484441254528311,-0.15827423506710891
-0.5325951681348431,-0.28376368836011634,-0.24883147977472675
-1.1146164394082283,-1.0369358744224266,-0.07768056498580167
1.2595012641986036,0.86429252157196,0.3952087426266436
1.0039153644899297,0.03876242954273745,0.9651529349471922
0.9715851562292256,1.286666647009294,-0.3150814907800684
-1.123562405097656,-1.0627599684479487,-0.0608024366497073
1.6721396070975654,1.2510387078237684,0.421100899273797
-0.5958619647654451,-0.6717576881763468,0.07589572341090178
1.2124461422700563,0.9973901338671957,0.21505600840286065
1.778085759227567,1.111656220417399,0.666429538810168
-1.133475502212968,-0.8078383975258645,-0.3256371046871034
-0.8071289808107122,-0.5561511855371871,-0.25097779527352504
-1.1293651936529605,-1.0108656978319819,-0.11849949582097863
1.3761889997156986,1.1772054090610506,0.198983590654648
1.3577529642571946,1.648939951689516,-0.2911869874323214
0.3868067194103345,0.02649012064112366,0.36031659876921085
-0.5914429468782959,0.16558307492349889,-0.7570260218017948
1.1654646741379542,0.5653265549359637,0.6001381192019904
0.0480735692102461,0.23209000331134721,-0.1840164341011011
-1.1257384508058952,-1.1279878883133865,0.002249437507491292
-1.1315412393611997,-0.9407415595556631,-0.19079967980553658
0.0188847700479236,0.6842228954102584,-0.6653381253623348
0.7655526048508833,0.15535158858051668,0.6102010162703666
2.404906708849822,2.1462871857603867,0.25861952308943525
1.511496908736626,1.7273602927228295,-0.21586338398620364
-0.2799616976500059,-0.13272889450281267,-0.14723280314719323
0.3826184331713348,0.7372937900569071,-0.3546753568855723
0.5956909277845057,0.8235972196313431,-0.22790629184683742
-1.1400036393376851,-0.8720251141824474,-0.2679785251552377
-1.133475502212968,-1.046511342482245,-0.08696415973072291
0.270543135246247,0.325141793682865,-0.054598658436617986
-0.6380288518978563,-0.1535496242850808,-0.4844792276127755
-0.4732670119066363,0.0917057090637513,-0.5649727209703876
1.714794648622594,0.7352172582817454,0.9795773903408486
0.5869629474107947,0.5719774684796689,0.014985478931125784
0.6746880581225875,0.26084362993459076,0.4138444281879967
1.0320146542743749,0.23641330584635256,0.7956013484280223
0.1480532005190952,0.24463561100001885,-0.09658241048092364
1.330488937686757,0.8875797050898661,0.44290923259689097
-0.3431361612173412,0.06510586905480775,-0.40824203027214895
0.5152263116046016,0.7007701464153097,-0.18554383481070802
-0.3421274238411126,-0.24840897694494812,-0.09371844689616449
-0.6900260611865572,1.0778890773153442,-1.7679151385019014
0.8220657603499955,0.07978742476678724,0.7422783355832082
-0.4081892822384915,-0.11613844556067465,-0.29205083667781684
-1.1062836414021668,-0.9696229755184688,-0.13666066588369807
-0.4066963037318041,0.791259658567966,-1.19795596229977
-1.1303323250788446,-0.8267445566730818,-0.30358776840576285
-0.0580767591603106,1.4375288559862023,-1.495605615146513
0.4218844424597106,-0.04368159793705251,0.4655660403967631
-0.4163260798846623,-0.2565353426724709,-0.1597907372121914
-0.0925497238155658,-0.5863038765422418,0.493754152726676
1.6968088050041252,1.248215784386165,0.44859302061796025
-1.1194520965376489,-1.050403506510955,-0.06904859002669395
1.293805239071138,1.0966504563565165,0.1971547827146216
0.1288260702240522,-0.5491006471474318,0.677926717371484
-1.1246077228028866,-1.073097403847133,-0.05151031895575353
-0.0272270478709891,-0.7804739690511443,0.7532469211801552
0.7303925736596476,0.13196172245005877,0.5984308512095888
-1.1257384508058952,-1.0461005243761652,-0.07963792642973
-1.1385529421988592,-0.9043201816096873,-0.23423276058917186
-0.4527078147268205,-0.3307714539020036,-0.1219363608248169
1.133330682930864,1.5623604279373513,-0.4290297450064873
0.6175212843850825,0.43655587312921307,0.1809654112558694
-1.1298487593659026,-0.9862315604534501,-0.1436171989124525
-0.6732553857787351,-0.14746722199069873,-0.5257881637880364
-1.122523248668128,-0.8414034816275732,-0.28111976704055486
0.5773493691026347,1.0305996315216328,-0.45325026241899813
-1.1375858107729753,-1.063388298613213,-0.07419751215976222
-0.4437079088880552,-0.14364148838160673,-0.3000664205064485
0.0216121555018314,0.44488820999241374,-0.42327605449058237
-1.1298487593659026,-0.9595071356245501,-0.17034162374135242
1.0744790339613872,0.8924556345075471,0.18202339945384016
0.2002432335870867,-0.0021569071892073577,0.20240014077629406
-0.4105623844690309,0.14183233556946429,-0.5523947200384952
0.0799005229191284,-0.1668365498582084,0.2467370727773368
-0.0372858602422047,0.17324715411447278,-0.21053301435667748
-0.2118483217900663,-0.0008444057249190617,-0.21100391606514723
-0.477678737930992,-0.3127857234141197,-0.16489301451687233
-0.3806678263432669,-0.06661350774547548,-0.3140543185977914
-0.5764564455673364,-0.2703098983221407,-0.30614654724519574
0.267687910790388,1.3789001507869978,-1.1112122399966098
0.6283262070418578,0.5036432629360331,0.1246829441058247
-0.0457326203306933,1.0546167891661158,-1.1003494094968091
0.1524672489816755,0.4222872872145865,-0.269820038232911
-0.0446631607956311,0.04938798868397731,-0.09405114947960841
1.0336888656232384,1.1296696705853044,-0.09598080496206607
1.7194022094426205,0.11029157872167861,1.609110630720942
-0.4633010059961697,0.4781866768785733,-0.9414876828747429
-0.844242225497986,-0.16576644676816155,-0.6784757787298245
-0.1699144208996676,-0.3779388735131787,0.20802445261351107
0.9118011947074438,0.32528680453195646,0.5865143901754873
-0.3557974434715732,-0.24974600604643327,-0.10605143742513995
0.1841704177067578,0.47703402247905335,-0.29286360477229556
-0.5714346722434405,0.02706977092403562,-0.5985044431674761
1.0349256000759526,0.7932501725647191,0.2416754275112335
-0.705736338470903,-0.20727493196125824,-0.49846140650964477
0.5849226649486824,0.6391848506630907,-0.05426218571440833
-1.136135113634149,-1.0014713723798343,-0.1346637412543148
-0.1354642771147062,0.47100047779893484,-0.606464754913641
-0.0353257356282662,-0.593387519317511,0.5580617836892448
0.4650538196203784,-0.30232913133987904,0.7673829509602574
1.5554686420555588,0.5614326742437795,0.9940359678117793
-0.0135519975519172,0.41672772177166595,-0.43027971932358317
-1.1312994565047287,-1.0347702456821035,-0.09652921082262522
0.0092421301018169,1.8606872183309857,-1.8514450882291689
-0.0024125286140571,-0.15065306497996012,0.148240536365903
-1.1366186793470912,-0.9819801354353305,-0.15463854391176068
0.7278309963405922,-0.12773763475887268,0.8555686310994649
-1.13395906792591,-1.1341023650645208,0.0001432971386108317
0.0041106390860914,-0.2049093108625486,0.20901994994864
0.6575476864316618,1.1494197418289742,-0.4918720553973124
-1.1148582222646994,-1.0095689811365554,-0.10528924112814408
-0.631097460825002,-0.3140940013550031,-0.31700345946999886
0.7281078365464928,0.9076348353305453,-0.17952699878405254
0.9095036186092672,0.5642001861475344,0.3453034324617328
-1.1445975136106348,-1.1073444057859605,-0.03725310782467428
-1.124771319380011,-0.9323012667691156,-0.19247005261089545
0.7870323879571655,-0.14802897796588443,0.9350613659230499
0.9315288085268288,0.48442635685696966,0.4471024516698592
0.9918468740150796,0.46890921914246253,0.5229376548726171
1.4508056341889644,0.5043477583795665,0.9464578758093979
0.3891298312095108,0.9127713870900654,-0.5236415558805547
-1.1303323250788446,-1.0315322362443635,-0.0988000888344811
-0.7470134328947209,-0.26606750822800196,-0.4809459246667189
-0.4555915727394212,0.31141292470101545,-0.7670044974404366
-0.1047278459099761,-0.09757276293863881,-0.0071550829713372815
0.4120109053012345,1.1327690366999974,-0.7207581313987629
0.5582326384972576,0.03288702092782325,0.5253456175694343
-0.6501098801047851,0.19266870036483763,-0.8427785804696227
-0.0739940566243219,-0.119830019582153,0.0458359629578311
-1.1254966679494245,-0.9613921261203426,-0.16410454182908185
2.215071003391778,1.3718093347093019,0.8432616686824761
0.2050652107497492,0.4554954448000389,-0.2504302340502897
-1.1315412393611997,-1.109271777304384,-0.02226946205681557
1.8455623237800176,1.409255361093508,0.4363069626865097
0.2825477036864874,0.4140849897131048,-0.1315372860266174
-0.2957056252519742,-0.0771705478772694,-0.2185350773747048
-1.13637689649062,-1.0268471454869323,-0.10952975100368767
0.1097850677710733,0.34922238843790165,-0.23943732066682835
-0.4483123791997516,0.04247251682334252,-0.4907848960230941
0.8903337209919275,0.19639444645770066,0.6939392745342269
-0.2141677785438918,-0.47144164655568954,0.25727386801179775
0.2915850688048568,0.04407149975044222,0.24751356905441457
-0.3241301548497493,0.06721610929807753,-0.3913462641478268
-1.1153417879776413,-1.0269669206672374,-0.08837486731040389
0.4756890953048231,0.208939013570966,0.2667500817338571
0.1382154756195155,0.7915087297184872,-0.6532932540989717
-0.358209006460404,0.1488856996445621,-0.5070947061049661
-0.4181553858688155,-0.2817252292660153,-0.13643015660280022
0.6131339568943164,0.08898050207955654,0.5241534548147598
-0.4706623603413872,0.9336111492746405,-1.4042735096160277
-1.130815890791787,-1.094086884208235,-0.03672900658355194
-0.5693950717791644,-0.17709686792577983,-0.39229820385338454
1.3311225060823353,0.25352123326990006,1.0776012728124353
0.5791394229632147,-0.19119886505405992,0.7703382880172747
-0.2522798085976175,-0.40061138675232555,0.14833157815470804
1.0089492750600524,0.9627142852125857,0.046234989847466657
1.8225100665757517,1.6265636289413674,0.19594643763438424
0.7261501437382253,1.207396970672789,-0.48124682693456367
-0.2135014073927471,-0.26219928683972593,0.04869787944697884
1.0129991196780346,1.0138905975844157,-0.0008914779063811107
1.615857515888092,0.7644706410925243,0.8513868747955676
-0.5793249079810179,-0.14778421865949853,-0.43154068932151934
0.0566559204003229,1.0400891299397417,-0.9834332095394188
1.418466169076959,1.10378168231041,0.31468448676654903
-0.2795818356895028,0.4065370024801408,-0.6861188381696436
0.1537035231975465,0.00511052135489054,0.14859300184265595
-0.3470535898012843,0.5038655758880982,-0.8509191656893825
1.2361447754663757,0.8236498344422248,0.41249494102415085
1.1195906164459068,0.49698877828955135,0.6226018381563555
0.4912126852773535,0.21171169640044674,0.2795009888769068
-1.1320248050741415,-1.1869341059355998,0.05490930086145829
0.1553852167816499,0.15079762356743387,0.004587593214216035
-1.138069376485917,-0.9190437760488763,-0.21902560043704078
-1.135409765064736,-0.8819315106879445,-0.2534782543767914
-0.2353077826604431,0.22158555940977964,-0.45689334207022275
-0.8432204901528357,-0.055648034501251664,-0.7875724556515841
-1.1300905422223737,-1.0144846462509918,-0.11560589597138193
-1.1378275936294462,-1.1994147971481306,0.06158720351868441
1.835897139408332,1.101216110758446,0.7346810286498862
-0.1401274053638202,0.19081505476854976,-0.33094246013236994
-0.3843659982684093,0.7646295198559611,-1.1489955181243703
-1.1404872050506274,-1.0601077681319957,-0.0803794369186317
1.170843513360286,0.05075830338562859,1.1200852099746572
-1.135893330777678,-1.0338785524851433,-0.10201477829253469
-1.1317830222176708,-1.122292782200898,-0.0094902400167729
-0.8304306438626812,-0.28761931633173277,-0.5428113275309484
-1.1310576736482576,-0.8269540000615031,-0.3041036735867545
-1.1303323250788446,-0.999279607785268,-0.1310527172935766
0.8591755155561377,0.7477756879805179,0.11139982757561984
-1.1312994565047287,-1.0155318631930985,-0.11576759331163022
-0.4353466137810678,0.46370583250092745,-0.8990524462819953
0.2171662589239966,0.12726725090254687,0.08989900802144973
0.6524139043662583,0.539620142712033,0.11279376165422539
0.7282950154836977,0.11713922880700156,0.6111557866766961
0.1544762947039284,-0.2965167889675897,0.45099308367151814
0.3338179918097485,0.07481587853109228,0.25900211327865624
1.083551026067839,-0.16381009678706526,1.2473611228549042
-1.1177596165423516,-1.0560607445319707,-0.06169887201038082
1.106311258347781,0.8179579723038367,0.2883532860439443
-1.1392782907682724,-0.9309361311006288,-0.20834215966764358
-1.124685909082233,-1.1377934282898499,0.01310751920761688
0.1531468267020963,0.8391544919899839,-0.6860076652878876
0.3907279321480323,0.7366003235005433,-0.34587239135251097
0.0626482715950992,-0.21009818545511294,0.27274645705021217
1.0304770967698291,1.190498986345383,-0.16002188957555386
1.184804680477518,1.1979818282502501,-0.013177147772732045
-1.1269473650882502,-1.003174703276237,-0.12377266181201318
-1.134370608635208,-1.1339545308561725,-0.0004160777790356285
0.3353492275416416,-0.40310076290801466,0.7384499904496562
0.228360725686655,0.04742990597183516,0.18093081971481983
-0.3697640584781252,0.6727544728482963,-1.0425185313264214
0.8798537733513538,0.4427765298845078,0.43707724346684607
-0.0805534304888985,0.5215354352906262,-0.6020888657795247
-0.1829344459485399,0.18781733809411916,-0.37075178404265907
0.4691464919153343,0.5149326810321223,-0.045786189116788
-0.4179848234900677,-0.3765347931395683,-0.041450030350499434
-0.1657726669994467,0.9903341675380125,-1.1561068345374592
-0.1867447623039136,0.6531240602468465,-0.8398688225507601
-0.2763295550170244,-0.15928241284259947,-0.11704714217442491
-0.2315194148050805,-0.1212596941759777,-0.1102597206291028
1.1260474834764471,1.0639983288222594,0.0620491546541877
-0.5030181954426294,-0.3946489166381214,-0.10836927880450797
1.0418608183386964,0.9445549094626154,0.09730590887608093
-1.1305741079353155,-1.1243603053745586,-0.006213802560756987
0.2589454028878637,-0.3324057817890088,0.5913511846768725
2.783529491304406,1.6849370208852532,1.098592470419153
0.797053040823033,0.8146038664432113,-0.01755082562017829
0.4881940115806819,0.6384896406934609,-0.15029562911277905
0.2259673270440807,-0.1303391535437869,0.3563064805878676
-1.1337172850694388,-0.9793199286355445,-0.1543973564338943
-1.124771319380011,-1.1167584277438132,-0.008012891636197894
-1.1252548850929531,-1.0342263334410393,-0.09102855165191381
0.8544954694956243,-0.173720526159584,1.0282159956552084
-1.1371022450600332,-1.0422893786404683,-0.09481286641956488
1.0782902707904474,0.8757960086732236,0.20249426211722377
0.3462786850244144,0.10897880893027179,0.2372998760941426
1.6530741134584073,0.4277747171821381,1.2252993962762693
0.4089638205759063,0.06703576596032501,0.3419280546155813
-0.5648375692348627,-0.0871940387793314,-0.4776435304555313
1.5549183883477955,0.7951480252685622,0.7597703630792333
0.0510269685242239,-0.47731738895606124,0.5283443574802852
-0.7242585639448793,-0.34733649385757015,-0.37692207008730916
0.5408596613092124,0.47603143572024764,0.06482822558896473
0.8533591761424798,0.31439350418080536,0.5389656719616744
-1.135409765064736,-1.0326396339379456,-0.10277013112679034
0.6645194784430885,1.5143747500038849,-0.8498552715607964
0.2290620615346403,0.1575580544995353,0.07150400703510498
-1.1332337193564967,-1.0566988584887038,-0.07653486086779293
0.875171429660843,0.5418627341370431,0.33330869552379994
-1.1296069765094314,-0.9906298716102993,-0.13897710489913218
0.9560404486038824,0.38075759745632765,0.5752828511475547
-1.122595273671772,-1.0687555688649457,-0.053839704806826205
0.2520709680479959,0.5252209523668844,-0.2731499843188885
-0.3370762511705117,0.45641117144541477,-0.7934874226159265
0.0118006300731805,0.6549862403484717,-0.6431856102752912
-0.4274353449498965,0.6153880772529915,-1.042823422202888
0.8798609973697857,0.5965732880739124,0.2832877092958733
1.06574687552839,1.191792690500931,-0.12604581497254097
0.9071907469121724,0.6148090383452459,0.29238170856692647
1.256156115801334,1.2162572866935224,0.039898829107811506
-1.122837056528243,-0.875648209035303,-0.24718884749294
2.675583470811503,1.7411355708653264,0.9344478999461767
1.6880354973034086,1.2277367278707745,0.46029876943263415
-0.6419014133916363,-0.14474898581178952,-0.4971524275798468
-0.7214221427969781,0.09020856614036832,-0.8116307089373465
-0.5288292586327892,-0.28522333758022955,-0.24360592105255963
0.0549410002796247,-0.21914463138832596,0.27408563166795064
0.5895901732771179,0.7290193602379488,-0.13942918696083084
1.8896901400522876,1.4830071900810733,0.40668294997121435
-0.2792518598601857,0.017393166464875653,-0.29664502632506135
-0.0811415227081082,0.5057756208021421,-0.5869171435102503
0.4322195224064362,0.41192593314813164,0.020293589258304545
1.040356616479149,0.8820800788752859,0.15827653760386295
-0.7776910456650827,0.20914260045168265,-0.9868336461167654
1.898507602969836,0.8720330130454409,1.026474589924395
-1.1366186793470912,-0.9449929845737826,-0.1916256947733086
-0.08867257364211,0.1958935641477294,-0.2845661377898394
1.1540251137625512,0.9653105387737514,0.18871457498879984
-1.1213863593894169,-1.0465393180590672,-0.0748470413303497
-0.6800722983355454,0.18872076329238208,-0.8687930616279275
-0.7348373932496344,0.6336312754281875,-1.368468668677822
-1.1342008507823809,-0.9983544651536016,-0.13584638562877926
0.2979605248720475,0.12749491110607625,0.17046561376597125
1.5197847535802549,0.5756090286403704,0.9441757249398844
1.8634013645916248,1.2310150480101947,0.6323863165814301
-1.1141328736952862,-1.07512688801671,-0.03900598567857627
-1.135167982208265,-1.1281424599395613,-0.007025522268703677
-0.4267751598826812,0.06591654857872553,-0.49269170846140675
0.8220872172246171,0.09993728613523778,0.7221499310893793
-0.6235084952154608,-0.506546742623735,-0.11696175259172581
0.674237424273616,-0.05115961395062285,0.7253970382242388
0.2710717285463028,-0.11562934629865607,0.38670107484495886
0.0733498099802861,0.15015523204883408,-0.07680542206854797
1.9931070675164952,1.8093521299357853,0.18375493758070993
-1.1310576736482576,-0.9217018706136569,-0.20935580303460066
-0.3298358064814375,-0.18104218549834294,-0.14879362098309457
-1.1392782907682724,-1.0817834068632426,-0.05749488390502977
-1.1342008507823809,-0.9699793050456195,-0.1642215457367614
-0.3154509978644953,0.38454959657505505,-0.7000005944395504
0.62536442831413,1.021815739432809,-0.39645131111867893
-0.3326320287108013,0.281038200687734,-0.6136702293985352
0.971902988231996,0.8481403458637721,0.12376264236822387
-0.3070421208366387,0.44486033789889834,-0.751902458735537
0.6387034159528637,0.38544278864154113,0.2532606273113226
1.5535023678135058,0.9194072557498464,0.6340951120636594
1.205219678800683,1.3869700133472769,-0.18175033454659384
0.5029756976893848,0.8160906715893853,-0.31311497390000054
-0.1708533747054764,0.03403066711098168,-0.20488404181645808
1.4316145561417188,1.1728857220191728,0.258728834122546
-1.132750153643555,-1.0144268979980704,-0.11832325564548452
-0.4203374703246726,0.11452961739121015,-0.5348670877158828
-0.5324067112742352,-0.34051707159040356,-0.19188963968383166
0.4709656008335413,0.3291355103088923,0.14183009052464896
0.4673913364202837,0.5606291607462003,-0.0932378243259166
0.1404880076420812,0.6855961387373918,-0.5451081310953105
1.869479880993647,1.216789040012932,0.6526908409807151
0.7330072319183963,0.36919893294225437,0.363808298976142
-0.3072550076193826,-0.00025225734559997104,-0.30700275027378265
1.106311453787497,0.25138765362957327,0.8549238001579237
-0.6116745205425151,0.287118039464877,-0.8987925600073922
1.5690652412981567,1.0871721647798456,0.48189307651831115
-0.0368473519918721,0.08396536507815633,-0.12081271707002843
-0.0433360764960658,0.47216970582029216,-0.515505782316358
0.7928025955178964,0.5324973314100182,0.26030526410787824
0.3966143862605497,1.2460608069411667,-0.849446420680617
-1.1366186793470912,-1.074842611966036,-0.06177606738105523
0.2312265826370761,0.5168900924984593,-0.2856635098613832
-1.136135113634149,-1.203790571101976,0.06765545746782697
-0.2394724369229081,0.45463596544545337,-0.6941084023683615
-0.7448095538554839,-0.20487234964279022,-0.5399372042126936
1.4934942399593465,1.6561089652275056,-0.16261472526815912
0.7187272692885722,0.7639673818481484,-0.04524011255957616
0.7593441421893597,0.37962927751520004,0.3797148646741597
1.2245890348704982,1.0219851282771435,0.2026039065933547
1.8593850477631813,1.1463665891207286,0.7130184586424526
-1.1269473650882502,-0.9147923510307566,-0.2121550140574936
0.7663012411077531,0.16653350615692852,0.5997677349508246
1.4077019982281538,0.4280049744902711,0.9796970237378827
-1.133475502212968,-0.923232643817304,-0.21024285839566392
0.5860873445222567,-0.12991958591761976,0.7160069304398765
-1.124771319380011,-1.001613934567224,-0.12315738481278715
0.139814566389136,-0.15581606914603718,0.2956306355351732
-0.7493870697867847,-0.2490399823288203,-0.5003470874579644
-1.134442633638852,-0.8983932094841964,-0.23604942415465557
1.0882657122770736,0.6269818794456746,0.46128383283139895
-1.135651547921207,-1.2134886310294415,0.07783708310823445
-1.1245295365235402,-1.0647384379117169,-0.0597910986118233
0.5731859563077574,-0.16928202511985546,0.7424679814276128
-1.132750153643555,-1.1199082805561913,-0.01284187308736362
1.1572913508465037,1.090518538602689,0.0667728122438147
0.3580045642180113,0.5925332861907607,-0.23452872197274943
-0.6384215280351541,0.11015760263332497,-0.748579130668479
0.0395988466823555,0.26810367706304883,-0.22850483038069333
-0.1000069619692239,0.05486750191698231,-0.1548744638862062
1.5540401997369555,1.6449093654520266,-0.09086916571507109
1.8312589078985169,1.0569660969419066,0.7742928109566103
0.0414086060966726,0.0744797154711424,-0.033071109374469804
-0.4465474504197826,0.48343475213038334,-0.929982202550166
1.1494465234409332,-0.10437526116974205,1.2538217846106754
-1.1273589057975484,-0.990607106475172,-0.13675179932237636
0.3403286400057265,0.5454168916520482,-0.20508825164632172
0.4342561199477022,0.1947531778480781,0.23950294209962408
1.3009022099375325,1.0942342273849217,0.20666798255261076
0.7135206328853769,0.1368638992901129,0.576656733595264
0.0461444048914512,0.12336281802762794,-0.07721841313617675
-1.13395906792591,-1.0813466475370284,-0.05261242038888159
-1.1325083707870838,-0.855416529247466,-0.27709184153961774
-0.0508897695755035,-0.04250399504201574,-0.00838577453348776
-1.135651547921207,-1.1165433759935541,-0.019108171927652906
0.8458841660350469,0.8630996350419803,-0.01721546900693338
1.8244200650696032,0.8960220928948991,0.9283979721747041
0.5556999937077447,1.3756385045231392,-0.8199385108153945
-0.5390893536889951,-0.1498428657027001,-0.389246487986295
0.9758225853375329,-0.04791839402763853,1.0237409793651713
1.0856382150333037,0.5635148693639517,0.522123345669352
0.116257397477803,-0.16916099726367706,0.28541839474148006
0.2432974998503281,0.2979567485249127,-0.05465924867458463
0.926050872459641,0.4761353095254782,0.4499155629341628
1.076989668986846,1.2443431330145227,-0.1673534640276768
-1.1366186793470912,-0.9914245372376363,-0.1451941421094548
-1.125980233662366,-1.1656864878305022,0.03970625416813611
-1.1332337193564967,-1.0078128140762534,-0.1254209052802433
1.2172508274567453,0.8685968331801385,0.3486539942766068
-1.135167982208265,-1.139394497526724,0.004226515318459079
0.5035972382061816,0.9388428358691842,-0.4352455976630025
-0.5255675737726975,0.6589009005822143,-1.1844684743549116
1.4365712089995517,0.5942383590806529,0.8423328499188988
-1.1269473650882502,-1.1348452498192374,0.007897884730987181
1.0853651954369732,1.760587563265445,-0.6752223678284719
-0.3057758629960845,0.498629269802216,-0.8044051327983005
-0.3360536864912134,-0.19775649974205212,-0.1382971867491613
1.0330312596980056,-0.08661206616551276,1.1196433258635183
0.0047422541407498,-0.26217461272391474,0.26691686686466454
0.8440272484808887,0.8589839404811056,-0.014956692000216876
0.0615116405331964,0.33023707120331103,-0.2687254306701146
0.8284380347693177,0.761556689725588,0.06688134504372967
-0.0293970183757956,-0.15709110618170508,0.12769408780590946
-1.1383111593423882,-1.0945289259682414,-0.043782233374146884
-0.8873957906261177,-0.3631685894231059,-0.5242272012030118
1.5823990245906892,1.2293351702975004,0.35306385429318876
0.3713417144635907,0.0783331516601472,0.2930085628034435
-1.134684416495323,-0.9959285135705259,-0.138755902924797
0.5486939787483058,0.19666744356878973,0.3520265351795161
-0.524113178552386,0.7512038994862956,-1.2753170780386816
-1.1269473650882502,-0.8495521143716672,-0.277395250716583
-0.747818263894791,-0.49578628785204315,-0.25203197604274785
0.6522318356096146,0.1659620716863589,0.4862697639232557
0.7388696302733511,0.6092853971973696,0.12958423307598144
-1.1371022450600332,-0.8660981420569567,-0.27100410300307654
1.1147021664690968,0.8888818719544503,0.22582029451464647
0.8448889562219958,0.7318492983836037,0.1130396578383921
-1.118635176394755,-1.1161176301606408,-0.002517546234114265
-1.1402454221941565,-1.1479983544471608,0.00775293225300433
0.8516219085489696,0.17161382319273877,0.6800080853562308
-0.6906640891534069,0.7206634235446582,-1.4113275126980651
-0.6077999626716806,0.13589390241887578,-0.7436938650905563
1.20803312009439,-0.06118425850721587,1.2692173786016059
-1.134684416495323,-0.8385359436743712,-0.2961484728209517
1.2641860579226931,0.32937171366868434,0.9348143442540088
-0.278110762646692,0.8755815071048808,-1.1536922697515728
0.7563396583127427,0.12028511388477392,0.6360545444279688
-1.1269473650882502,-1.115212549304895,-0.011734815783355224
2.2440089714466813,1.8075124199006343,0.43649655154604705
-0.0631703423071767,-0.010605018179600467,-0.05256532412757624
-1.135167982208265,-1.072535098733297,-0.06263288347496787
1.050311865853918,0.9010876743211905,0.14922419153272737
1.346472325706972,0.861112035741986,0.4853602899649859
0.0211245539986457,0.7858014420834306,-0.764676888084785
-0.2312742351200674,-0.4410328310082149,0.2097585958881475
-0.50634283882751,0.23517646533307157,-0.7415193041605815
-0.1784319280683974,0.12086791695709087,-0.29929984502548823
2.158479668193639,1.3274876053258944,0.8309920628677445
1.5336851985386533,0.691532541494717,0.8421526570439363
-0.2159215335874549,0.012730310022908142,-0.22865184361036303
-0.6242386046090888,-0.3729069319140774,-0.25133167269501133
-0.3920851187378068,-0.49776646153669935,0.10568134279889252
0.651176726391558,0.34918371524123015,0.30199301115032784
-0.5205202581674822,0.24081889411996726,-0.7613391522874494
-0.9011404457907514,-0.7436681731674415,-0.15747227262330987
0.0291033882621895,-0.27884978688671713,0.30795317514890663
0.936466048990498,0.8599217674643941,0.07654428152610393
-0.1409189619502526,0.1334042146353701,-0.2743231765856227
-0.1279337542619092,0.4389046284578034,-0.5668383827197127
-0.435126675124431,-0.04324097443269426,-0.3918857006917367
-0.8932226531668921,-0.20250795851209358,-0.6907146946547985
0.1654990371122013,0.6822519012394307,-0.5167528641272294
-0.4791392696187788,-0.06442677275169639,-0.4147124968670824
0.0735155320428693,0.3027917843014386,-0.2292762522585693
-1.134442633638852,-0.9717202950230917,-0.16272233861576035
-1.0946255858577507,-1.083200376085495,-0.011425209772255807
0.9457876206022432,0.3973148163525778,0.5484728042496654
0.8781151351818521,0.40579691745286606,0.4723182177289861
-1.1390365079118012,-1.0525815713043385,-0.08645493660746273
-1.1315412393611997,-1.0710296223297244,-0.06051161703147523
1.3986212525433783,1.0098190573879027,0.38880219515547565
1.8068955622193488,1.7160194205466381,0.09087614167271063
-1.132750153643555,-1.1129560322269727,-0.01979412141658221
0.579720585836616,1.0639980528559652,-0.48427746701934915
-0.7251646355031711,-0.3985595202380542,-0.32660511526511693
0.3682751079766524,0.8724120801828615,-0.5041369722062091
0.8902710454921744,0.2284293917991861,0.6618416536929883
-0.6028592195662413,-0.22735670177527723,-0.3755025177909641
0.2484480341629123,0.5219950967598693,-0.27354706259695705
0.3736674980573386,0.32223335640828343,0.05143414164905519
1.4286123450868726,1.107764850379724,0.3208474947071487
-0.0324649822780868,-0.39437911543258175,0.36191413315449494
1.8046691569824416,1.1324708211088375,0.6721983358736041
-0.1190331538683537,0.5561110324742758,-0.6751441863426295
0.3294259779194486,0.5518892230028337,-0.2224632450833851
1.4543094760701007,0.6967716845994644,0.7575377914706364
0.9613131755632816,0.7989545064311155,0.162358669132166
1.7088475219676975,0.9453782564941647,0.7634692654735328
-0.2991599997156836,0.3407140269447265,-0.6398740266604102
1.1763886523428602,0.37531844461449315,0.801070207728367
1.7322888549476327,0.43878111743281745,1.2935077375148154
0.8148903814432615,1.1549963868590987,-0.34010600541583713
0.6110282046097945,0.1804596305388929,0.43056857407090154
1.1827079632833044,0.560533373840698,0.6221745894426064
0.0947504002612663,1.076916770950497,-0.9821663706892307
-0.8312804958695459,-0.9590676546461591,0.12778715877661317
1.2428451270578178,1.0617054613136037,0.18113966574421414
1.2965978923274204,0.2832594827181768,1.0133384096092435
0.1396084732634765,-0.011290337975379816,0.15089881123885632
0.6456659445326692,0.6175509048336979,0.028115039698971334
2.579616795958372,1.9129927916796383,0.6666240042787335
-0.2206855034219898,-0.06479091192386666,-0.15589459149812315
-0.1024864463270927,0.2716800618219678,-0.3741665081490605
0.0253202728564314,0.6413268660230745,-0.6160065931666432
-0.9295607674537438,-0.030343137346098614,-0.8992176301076452
0.5175910161934832,0.37925342568637876,0.13833759050710448
-1.1310576736482576,-1.0971795092742065,-0.03387816437405111
-0.8877677283424452,-0.03632561124745337,-0.8514421170949918
0.6380167797782307,0.3811157161277593,0.2569010636504714
-0.2713832531417688,0.586007626093258,-0.8573908792350268
-1.1120607221119323,-1.0949806965995128,-0.017080025512419494
0.0625609874483514,-0.48168969768860515,0.5442506851369565
1.4721873467373052,-0.2059790823625557,1.678166429099861
-1.1296069765094314,-0.9253270777015179,-0.20427989880791353
0.4818227072515,0.17532530423378245,0.30649740301771755
0.7611063860141184,0.558848374753158,0.20225801126096044
0.6368331065242518,0.15073538459329894,0.4860977219309529
0.4599759558534591,-0.014199106011684948,0.474175061865144
-0.679436611034828,0.01933400655677564,-0.6987706175916036
1.2415002905454355,0.3713454916698925,0.870154798875543
2.4459731710847588,1.4940196204703282,0.9519535506144305
-0.5619031570209703,0.21107961006578024,-0.7729827670867505
0.1128276498889959,0.43617041744555063,-0.3233427675565547
1.1417114137271924,0.48295227840331234,0.6587591353238801
-0.0077249264107886,-0.07536061278231088,0.06763568637152227
0.0756552986750496,-0.04952633603626677,0.12518163471131638
1.1632389144430673,0.28152359024042395,0.8817153242026433
-1.123562405097656,-1.0565097471659652,-0.0670526579316908
0.815064771011899,0.6341311036051925,0.18093366740670647
-1.1283980622270764,-1.0523368578960315,-0.07606120433104491
-0.1564500458056116,-0.43060769210936733,0.2741576463037557
-0.718567999311756,0.16860391996761181,-0.8871719192793678
-0.3890793204819718,0.35651348579706943,-0.7455928062790412
0.657758951001925,0.787197616966303,-0.12943866596437792
0.0049104393975504,-0.1360267083633222,0.1409371477608726
0.2030020096974852,0.8037787347373854,-0.6007767250399002
-0.2637574059502828,0.019617478135195876,-0.2833748840854787
-1.1283980622270764,-0.8360347751301588,-0.2923632870969176
0.0828666685655385,0.295174370271598,-0.2123077017060595
-0.4560668152353869,0.8044970108091033,-1.2605638260444902
-1.1317830222176708,-0.9542148936280189,-0.17756812858965187
0.2316033307940725,-0.29459938071415614,0.5262027115082286
0.232683921029406,-0.3034557024778707,0.5361396235072766
1.3929395275608485,0.9138308853150351,0.4791086422458134
0.4059659531445659,0.3402477775195557,0.0657181756250102
0.0003159013546724,0.27379911448548466,-0.27348321313081225
-0.2504339108632343,1.304039335395701,-1.5544732462589352
1.2334606662786962,0.7710619827038204,0.4623986835748758
-1.1312994565047287,-1.0146041991007395,-0.11669525740398923
0.8485253731210709,0.13436144847485687,0.714163924646214
-0.1734460232001713,0.3652253771835766,-0.538671400383748
0.1680390846450039,-0.032908280125359846,0.20094736477036373
-1.1325083707870838,-1.1144112306382885,-0.018097140148795265
2.2932556797385564,1.3458539345005214,0.947401745238035
-1.1300905422223737,-1.0599481279856597,-0.07014241423671397
0.0474697510307701,0.14061154521096475,-0.09314179418019465
-1.1279144965141343,-1.095115251401874,-0.03279924511226029
0.0760596153659158,-0.11074991588504579,0.18680953125096159
-0.0257619887675692,-0.12109239931725224,0.09533041054968304
-0.9609179214887112,-0.1569534137366685,-0.8039645077520428
1.1042858411232417,0.5952240504171064,0.5090617907061353
0.4700664586210576,0.3788218570439451,0.0912446015771125
-1.1409707707635697,-0.8589770668506296,-0.2819937039129401
0.1973052159442975,0.3500214197083754,-0.1527162037640779
2.9674569845223693,1.7897534512893891,1.1777035332329802
1.1948426055784005,1.1898138155799876,0.005028789998412941
-1.1303323250788446,-0.9999704952002242,-0.13036182987862044
1.881223906305593,1.0996974537318573,0.7815264525737358
0.9683399522388672,0.8549685852378298,0.11337136700103734
-1.120177445107062,-1.1079938834200282,-0.012183561687033828
1.0560991005934948,0.7703271232070706,0.2857719773864241
2.9818858126674184,2.21337396617467,0.7685118464927485
-0.2588598348108951,-0.3447872774935,0.08592744268260494
1.4510648381298137,0.6478703878336475,0.8031944502961662
-1.1118848029834032,-0.9332015975724932,-0.17868320541090998
-0.0143719768145947,-0.1311875521080067,0.116815575293412
0.5017502098847075,0.3323833329559961,0.16936687692871144
-1.1325083707870838,-1.093050291791931,-0.03945807899515286
1.3225641428054589,0.7974301076437892,0.5251340351616697
-0.7576189467154749,-0.021912912840029608,-0.7357060338754453
-1.138069376485917,-1.1663218326438232,0.02825245615790606
0.2381213503447939,0.333755313089915,-0.09563396274512112
0.2597041865942256,-0.017585363564701306,0.2772895501589269
-0.0020306885044071,1.0072141519468945,-1.0092448404513015
1.190521363576569,0.7696247599653524,0.4208966036112166
-1.13395906792591,-0.9755499476439595,-0.15840912028195042
1.1270964131908934,0.16277464873886804,0.9643217644520253
-0.5870980794802494,-0.14437136407179063,-0.44272671540845876
-0.9048231930085704,-0.30146910330504983,-0.6033540897035206
-1.1404872050506274,-1.1452559493324328,0.004768744281805404
0.6089721465709617,0.8345370456877174,-0.2255648991167557
-0.1271633051937519,0.8019230087395836,-0.9290863139333354
1.688346332116009,1.9063112147237877,-0.2179648826077787
0.1561092874276601,0.12858431368749368,0.02752497374016641
-1.1274309308011925,-1.0697967147652387,-0.057634216035953756
-0.0635602109611797,0.257774212297491,-0.3213344232586707
0.0154369193769022,-0.5380712451181395,0.5535081644950417
-1.1332337193564967,-1.1358924667613444,0.0026587474048476167
-0.3064715109658494,0.13220762952275045,-0.43867914048859985
1.0398674919963906,0.4682782966503368,0.5715891953460538
0.6873780460780999,0.3778215101534669,0.30955653592463306
0.9083225376579098,0.388493840060652,0.5198286975972578
0.9414327581582848,0.07719166158213786,0.8642410965761469
0.1680703213848633,0.025720704227353175,0.14234961715751013
0.1798517614272281,0.7350924201103634,-0.5552406586831352
1.3284603205864405,0.24421186737736045,1.0842484532090801
0.2196622737680532,0.52783352658691,-0.30817125281885677
0.2664612807510311,0.5408469413619005,-0.2743856606108694
0.2789897976148781,0.0042210699406793895,0.2747687276741987
0.76757601911805,-0.05530003352317281,0.8228760526412228
0.5873071378683942,0.660997971884168,-0.07369083401577381
-0.733560489753879,-0.06793095604991095,-0.665629533703968
-0.6889522347328121,0.04319397662780344,-0.7321462113606155
0.4223713619650601,-0.5138304843480072,0.9362018463130672
-0.4584763934947511,0.2501774096034456,-0.7086538030981967
0.1397272822423879,0.36982630026851593,-0.23009901802612803
-1.1196938793941196,-1.130157196240944,0.010463316846824444
0.7018226366392315,0.33719826516045515,0.36462437147877635
0.9090891048524552,0.017619491434087253,0.891469613418368
0.2957242304024564,0.4268527105286012,-0.1311284801261448
0.3596420960049646,0.32962607102094654,0.030016024984018064
2.191899875944558,1.3055637763611139,0.8863360995834442
0.8300156985398119,-0.11797217628638268,0.9479878748261946
0.0629649664304592,-0.37548410654007003,0.4384490729705292
0.6031069473130312,0.5030994220312003,0.10000752528183088
-0.2822630082854827,-0.2643929551418731,-0.017870053143609566
-0.2291313364564727,-0.2172287893711935,-0.011902547085279214
0.7375201423042005,1.0310351049407203,-0.29351496263651977
-1.1095647072678758,-1.0156053165012917,-0.0939593907665841
0.3605870521025754,0.4127553546600221,-0.0521683025574467
0.0177373824503237,0.18307885835465465,-0.16534147590433096
0.3684711994760813,0.43697852755241706,-0.06850732807633575
1.314224427101178,0.6578547722543898,0.6563696548467882
0.2961317353215111,0.3277528345080528,-0.03162109918654171
0.7143436712678383,1.0404722472201504,-0.32612857595231215
-1.135409765064736,-1.0849106205903811,-0.050499144474354773
0.6458098785921919,0.43823883701697,0.20757104157522188
1.0287527111974757,0.7978127700648999,0.23093994113257577
-0.5201199772668594,0.24818189617166408,-0.7683018734385235
1.7017188343836418,0.8876921101878125,0.8140267241958293
0.4816276288783466,0.4674018060800015,0.014225822798345111
0.1400972301619805,-0.21131759994803834,0.35141483011001884
-0.0495721208520984,0.3030926092980445,-0.3526647301501429
-0.5716095286292406,-0.6999946690103832,0.12838514038114257
0.3238618817122849,0.11163891371607926,0.21222296799620566
-0.0196953215194705,0.6654328663739223,-0.6851281878933928
0.8655160499626227,0.6922287738798912,0.17328727608273142
-1.122837056528243,-1.107970897494412,-0.014866159033831039
0.5522315767602922,-0.2679035739333673,0.8201351506936595
-0.6418573508273944,0.47698007925037544,-1.11883743007777
0.3019607349953321,0.34339839877449296,-0.04143766377916086
0.7956088360883484,1.2295791573001496,-0.4339703212118011
-1.1329919365000258,-1.073956105654632,-0.059035830845393766
-0.6732100022549554,0.11045659150349818,-0.7836665937584536
-0.2154886585316199,1.099063364043607,-1.3145520225752267
0.3075584931677064,0.2743888302265888,0.03316966294111762
0.5921812491757859,-0.0020303517532506143,0.5942116009290365
0.6749421635304632,0.2854886685628887,0.38945349496757453
-0.1302461773697497,0.2070939391768586,-0.3373401165466083
1.5865242115489075,0.3189633840688394,1.267560827480068
-0.7016480214470417,-0.2918213362420954,-0.40982668520494636
2.256563110083798,2.1625570305488973,0.0940060795349007
0.2332293875916765,0.5900600380463624,-0.3568306504546859
-1.1337172850694388,-1.246396092633597,0.11267880756415827
-0.1065530796480707,0.6208880947604004,-0.7274411744084711
0.8640174929451606,0.6574857961445298,0.20653169680063077
0.0363600986403233,-0.22812305278610456,0.26448315142642786
0.889759719359865,0.5241460469543265,0.36561367240553844
2.697749307327491,1.7372610095926193,0.9604882977348717
-1.1211445765329455,-1.057880213264565,-0.06326436326838047
-0.1680599103429533,-0.27006870424735363,0.10200879390440032
1.1143249843965348,1.0167939400490376,0.09753104434749726
1.4122110945847068,1.435231595702077,-0.023020501117370085
0.5717780073539548,0.8017464915675355,-0.22996848421358074
-0.6641641351947511,-0.4351711801000747,-0.22899295509467643
0.0975971045473831,0.5455799551263057,-0.4479828505789226
1.417441503720429,0.9590331995144771,0.458408304205952
-0.6983039606007285,-0.0478452418735168,-0.6504587187272117
0.326710423391556,-0.11954360410188658,0.44625402749344256
-0.33292238331924,0.32729362405768503,-0.660216007376925
0.1492406331186019,0.18286055353466268,-0.033619920416060795
0.0076615363199426,-0.1193067029338909,0.1269682392538335
1.0083981206195618,1.292293732778358,-0.2838956121587961
0.4135550048263765,0.6582397712231377,-0.24468476639676118
0.901207763449194,0.3620965967922841,0.5391111666569098
-1.1322665879306129,-1.0254382596985958,-0.10682832823201704
-1.1342008507823809,-1.1057112932306552,-0.028489557551725664
-1.1283980622270764,-0.9769534941132172,-0.1514445681138592
-0.357723186153599,0.27146093412413197,-0.629184120277731
0.4586893155286008,-0.6014299785219481,1.060119294050549
-0.7930592149411533,0.29136705914837024,-1.0844262740895236
-1.1385529421988592,-0.9725551829563681,-0.16599775924249105
0.6982767584464034,0.5995060111953275,0.09877074725107582
0.178376333113323,1.2698176831380374,-1.0914413500247144
0.3689419393646405,0.040195523791288656,0.3287464155733518
0.0750705967040631,0.937730329338989,-0.8626597326349259
-1.1269473650882502,-0.9102471537351782,-0.21670021135307205
-1.136135113634149,-1.0915788271610625,-0.044556286473086626
1.3535304748111403,0.32352497268604796,1.0300055021250922
0.5642991336008173,-0.10037009867374913,0.6646692322745664
1.7732189944666914,1.5099804527718144,0.26323854169487704
0.9666058794538644,-0.46285715906258007,1.4294630385164444
-0.1773475172234936,0.29699450853390197,-0.4743420257573956
0.5689615069404642,0.938946995153147,-0.36998548821268273
-0.1188994300354161,0.31578107901972896,-0.43468050905514505
-1.134442633638852,-1.0127465418939285,-0.12169609174492346
0.1038678320882716,0.2295636599714569,-0.12569582788318528
-0.6412780486423237,0.23146215458370978,-0.8727402032260335
1.817087158208858,1.5236759535986781,0.2934112046101798
0.018369537233775,-0.07478804628734381,0.09315758352111882
0.6340632245218093,-0.08651519812382946,0.7205784226456388
0.9260082832585176,0.34823522691392583,0.5777730563445918
0.1141315756095088,0.6029204618363028,-0.48878888622679395
1.2170410924463744,0.6453963611461954,0.571644731300179
0.1892316284594049,0.622089610739002,-0.43285798227959715
-0.6822808951628623,0.0797995513844928,-0.7620804465473551
-0.4856810502544388,0.11489977901673643,-0.6005808292711752
-1.1252548850929531,-1.1000549462896774,-0.025199938803275757
0.2099974402657655,0.5358698543622261,-0.3258724140964606
2.428209139971896,1.4700743378632386,0.9581348021086575
-1.1320248050741415,-1.0408356626925985,-0.09118914238154296
1.3188174224235254,0.7050102389092571,0.6138071835142683
-0.1768233966553483,0.17438862307873582,-0.3512120197340841
-0.7471050044682015,-0.4391476407033609,-0.3079573637648406
0.990564828950216,0.5383709656192336,0.45219386333098244
0.4353699797557648,0.12565709995767482,0.30971287979809
-0.2252284288210237,-0.07121457928862795,-0.15401384953239575
-0.6857877662882867,-0.45192546940502754,-0.2338622968832592
0.4727811706541633,0.997604742514319,-0.5248235718601557
-0.2179332576845985,-0.08585114753690481,-0.1320821101476937
0.7023685831793034,0.35620794795541777,0.3461606352238856
-0.4659986478142948,-0.5103377294766106,0.044339081662315816
0.4044865751126866,-0.039984263667826814,0.4444708387805134
-0.4825865243642335,-0.37330406028192387,-0.10928246408230963
-0.4322431257121846,-0.11244953902551147,-0.3197935866866731
-1.125980233662366,-0.9949538596631822,-0.13102637399918393
0.6882097155108005,1.2786107542741334,-0.5904010387633329
-0.4857713008683819,-0.05264756799691439,-0.4331237328714675
0.9040301603412592,0.5302364128667806,0.3737937474744786
-1.1172760508294095,-1.1230730080213007,0.005796957191891217
0.4794362875711883,0.6729443611360376,-0.19350807356484934
-0.4907876809866809,-0.017710252332792664,-0.47307742865388824
0.7698965386146047,0.485012358088616,0.28488418052598874
1.2538720292974692,0.8750059002269525,0.37886612907051676
0.3127293421202329,0.1570985800300434,0.1556307620901895
-1.137344027916504,-1.1219970401625443,-0.015346987753959596
0.3172627392905182,0.9136936268411607,-0.5964308875506426
0.178989212704385,0.5374280276292206,-0.3584388149248356
0.7880759310463344,0.6330223402783332,0.1550535907680013
-1.1238041879541272,-1.1187846960164973,-0.00501949193762985
-0.2077452372484907,-0.2614696454734471,0.05372440822495639
-1.130815890791787,-0.8629564912306359,-0.267859399561151
0.2807882972205191,-0.8010312842065549,1.081819581427074
1.8368062700864085,0.526810866683535,1.3099954034028736
-0.2072763281727664,-0.5618169879733735,0.3545406598006071
1.6232841679111802,1.154747178897403,0.46853698901377716
0.2801649324712065,0.680780211267722,-0.40061527879651554
1.03536455691554,0.6735042903883034,0.3618602665272367
0.5423331362821981,1.305769939724959,-0.7634368034427608
0.5597619522767773,-0.24485418899066436,0.8046161412674416
0.1271314647432967,1.2014425230502295,-1.0743110583069329
0.7494525019486692,0.6506904745166472,0.098762027432022
1.6320832396542095,1.2628249628706056,0.3692582767836039
0.8686536055498366,0.34902257934268544,0.5196310262071512
1.7340727277915515,0.6036827917478339,1.1303899360437177
-0.4170894588510192,-0.17508157215020048,-0.24200788670081874
-0.6448959948749307,-0.5357125214474048,-0.10918347342752588
1.348922435526363,1.0514794161061358,0.2974430194202271
2.637297683570522,2.0662970531144866,0.5710006304560356
-0.1576819465224804,-0.3986625204351154,0.240980573912635
0.4579723332122988,0.6587049509412098,-0.20073261772891104
0.594877631298416,1.0066646959021486,-0.4117870646037326
1.1135799966046969,0.5426679466039473,0.5709120500007495
1.0096163844058073,0.3057683223612361,0.7038480620445712
1.480976737848006,1.0410469979034702,0.4399297399445359
-0.7020664666939207,-0.3649225671461259,-0.3371438995477948
-0.357802090886597,0.8727667346647384,-1.2305688255513354
0.4468130230319786,0.3771566752562575,0.0696563477757211
-1.1378275936294462,-1.0475549299822253,-0.09027266364722086
1.251185506532027,0.7352002687859903,0.5159852377460367
1.0682276940064357,0.26144851469052666,0.806779179315909
-1.1317830222176708,-1.1244370432936994,-0.007345978923971375
-0.4322015263421594,-0.27222785478959477,-0.15997367155256464
0.4989682934231639,0.07105212740412548,0.4279161660190384
0.28036846975006,0.8811927864283345,-0.6008243166782745
0.2275444379251432,0.5208925719915619,-0.2933481340664187
1.1006525197997648,1.042574525389746,0.05807799441001871
-1.1337172850694388,-1.0675659730820137,-0.06615131198742508
0.3282013493244154,0.7117679756280372,-0.38356662630362176
0.2460944536939824,0.2718047916544547,-0.025710337960472313
0.4360069449798852,-0.20785555686534984,0.6438625018452351
-0.0985143890156565,0.0028827187812702215,-0.10139710779692672
1.2983567327433176,1.3306806017026376,-0.032323868959319935
-1.1332337193564967,-1.2341451648049917,0.10091144544849495
-0.6836312671498841,0.287003754618982,-0.9706350217688661
-1.13637689649062,-0.8414681511122707,-0.2949087453783493
1.1912129458805945,0.7624583758514248,0.4287545700291696
0.3588359440453569,0.287932153728632,0.07090379031672489
0.2572542008159695,0.5387248264943479,-0.28147062567837844
2.314316280916401,0.2509902533677669,2.063326027548634
-1.1250131022364822,-0.8701401236866549,-0.25487297854982727
1.5583296885653108,0.805462590596714,0.7528670979685969
0.2725460080452092,0.5024799692737697,-0.22993396122856052
-1.123078839384714,-1.0054785805488722,-0.1176002588358418
-0.2270480111367128,0.12607434833679043,-0.35312235947350323
0.2781400316802828,-0.008042099672087799,0.2861821313523706
0.8722781930359473,0.776598679431065,0.09567951360488236
-0.911307648313939,-0.4056497869430712,-0.5056578613708678
-1.1269473650882502,-1.0427377320485334,-0.08420963303971685
0.2973731511064894,1.5658086846971138,-1.2684355335906243
-0.412002884541911,0.3099241963408613,-0.7219270808827722
-1.132750153643555,-1.0329782216817656,-0.09977193196178935
-0.2373786380924862,0.581675686907494,-0.8190543249999802
0.5279829430057498,-0.061352565205285314,0.5893355082110351
-0.1920389527182538,0.31877660440916344,-0.5108155571274172
-1.1317830222176708,-1.09452298353887,-0.0372600386788009
-0.568492906902712,-0.12646452329752467,-0.44202838360518737
0.411299624023792,0.028370803912475595,0.3829288201113164
1.707829675076479,1.357184395967736,0.3506452791087429
-0.2765566382001428,0.5729823135632929,-0.8495389517634357
-0.3991255885407891,0.49162953225490147,-0.8907551207956905
-1.13637689649062,-1.0271501634703424,-0.10922673302027763
-1.1366186793470912,-1.0561108943604163,-0.08050778498667488
0.1513314224456939,0.17088855596000474,-0.019557133514310848
1.2290559060559645,0.5297633652480728,0.6992925408078917
0.1406638655065682,-0.8083246052510765,0.9489884707576447
1.963256621571428,0.9347294977547823,1.0285271238166458
0.6946272311848591,0.6127345557601717,0.08189267542468748
-1.1390365079118012,-1.0382645297008606,-0.10077197821094064
-0.8099655741031522,-0.6705471639603378,-0.13941841014281442
-0.4961751877150673,0.27842180276296824,-0.7745969904780355
0.8468274700446807,0.41698445527783645,0.4298430147668443
0.6899239404730235,0.5165377777518035,0.17338616272121998
-0.026884055844843,-0.09963755856970491,0.0727535027248619
1.250574464334119,0.24477521771419986,1.0057992466199193
0.965245697726109,0.9582396924895468,0.007006005236562252
0.1694090396576776,0.8215060454011832,-0.6520970057435056
-0.0264697258801577,-0.07371585049581053,0.047246124615652835
-1.135167982208265,-0.957203258351915,-0.17796472385634998
-0.2151525892709624,0.3548366441245593,-0.5699892333955217
-0.2264602434656227,0.5357944793553212,-0.762254722820944
0.6878311000851538,0.04986323677716353,0.6379678633079903
1.2237960479570824,0.9321944249617976,0.2916016229952848
1.8334870447153515,1.5816402917248853,0.2518467529904662
-1.1343510620653712,-0.9017443036989387,-0.23260675836643252
1.2824218420503897,0.4005715602519292,0.8818502817984605
0.9439944347102484,0.3305477768957529,0.6134466578144955
0.4331809791147385,0.20413898885698567,0.22904199025775285
0.1300792126348692,0.9839974928041894,-0.8539182801693201
-1.1291234107964896,-1.0945670270656764,-0.034556383730813156
-0.3135874456371528,0.049833458341351,-0.3634209039785038
-1.135409765064736,-0.9449304273240907,-0.19047933774064518
0.0204107102940776,0.258143574931078,-0.23773286463700039
-0.2009860241865456,-0.4606886639938631,0.2597026398073175
1.447140897400771,1.0888465431242391,0.3582943542765318
-0.3199482881032603,0.444464854449781,-0.7644131425530414
0.2292407203021027,-0.08198204368860684,0.3112227639907096
-0.0495876316316913,-0.14970241638710113,0.10011478475540983
0.733179115256682,0.5377748976867421,0.19540421756993986
2.376859049937128,1.5989095624479317,0.7779494874891961
0.703831252000137,0.5461548771461379,0.1576763748539991
-1.125980233662366,-1.007794145481866,-0.11818608818050014
-0.5250558734758147,0.49216800653906867,-1.0172238800148834
-0.5751880440134159,-0.6161170796365415,0.040929035623125554
-0.1914576177003134,0.4742356425286406,-0.665693260228954
-0.2216210669795753,-0.4275114241869624,0.20589035720738713
-0.479466462773028,-0.32438652719130134,-0.15507993558172667
-1.135167982208265,-0.9000687565915676,-0.23509922561669738
-0.0024603257156001,0.4725202637590852,-0.4749805894746853
1.0954158931915663,0.8293728597997744,0.2660430333917919
-0.4024528854923336,-0.4664749654184762,0.06402207992614262
0.9322203280537614,0.6620252553578515,0.2701950726959099
-0.8771699914295549,-0.24914531028371745,-0.6280246811458374
-1.1402454221941565,-1.137537336694061,-0.0027080855000953807
2.0346458356556987,1.5069492523434231,0.5276965833122755
-0.1648157326395088,1.2751692987690166,-1.4399850314085254
1.945642790093968,1.5381423994436458,0.40750039065032206
0.3672717638060207,0.23102464551248214,0.13624711829353858
0.2739926628134725,0.1405593980262011,0.1334332647872714
0.0685317096239674,0.29102574703051676,-0.22249403740654936
0.368302418293714,0.45226379615575396,-0.08396137786203994
-0.3950335121714001,0.3513825819452484,-0.7464160941166484
-0.8336469087431779,-0.16077786767309854,-0.6728690410700794
1.099102338490871,0.9003845653092336,0.1987177731816373
-1.1194520965376489,-1.1407089456314106,0.021256849093761687
-0.2294700228279785,0.4356285333024511,-0.6650985561304296
-0.6994770560438679,0.018627123224891462,-0.7181041792687594
1.1689638675884222,0.47483098150966685,0.6941328860787553
0.8112243535710254,0.8637825877769304,-0.052558234205905
1.227074786317298,1.0101569561830503,0.2169178301342476
0.177668332716657,-0.08045300299146929,0.2581213357081263
1.1525995285436976,1.0056442837071051,0.1469552448365925
-1.1192103136811775,-1.1713210173659094,0.05211070368473192
-1.120177445107062,-0.9465600563431952,-0.1736173887638669
1.1121645223795191,1.2337857473933038,-0.1216212250137847
0.5546816982272714,0.25881021555591743,0.295871482671354
-1.1223534908153008,-1.0132279859204634,-0.10912550489483741
-1.1291820505059993,-1.196751535201487,0.06756948469548774
-1.135651547921207,-1.0047104628248489,-0.13094108509635816
-1.1404872050506274,-1.0858953550646784,-0.054591849985949015
1.309477878351021,0.8552844067088426,0.4541934716421784
0.8731645954963178,0.9311201887217654,-0.05795559322544763
0.2521537678152452,-0.2324292488618217,0.4845830166770669
-0.6203957006788219,0.6650030260547156,-1.2853987267335376
-0.3320734649467007,-0.08227020918617856,-0.24980325576052215
1.0047758555716753,0.9734255544531322,0.03135030111854309
-0.056290151744727,0.27101458458844296,-0.32730473633317
0.3277251929350828,0.15602389765790992,0.17170129527717287
1.2363633931634743,0.5376526034261683,0.698710789737306
-0.2204708354428648,0.004177785704692849,-0.22464862114755765
0.6631148534061977,1.025156582232575,-0.3620417288263773
-1.1194520965376489,-1.039348681036975,-0.0801034155006739
1.2965896055662594,0.7417250941273174,0.554864511438942
0.009339058425079,1.0080900172998137,-0.9987509588747348
-0.6379498180564542,-0.014931453414609774,-0.6230183646418445
0.054081977493728,0.5734625659709033,-0.5193805884771753
-1.1298487593659026,-1.11007967467052,-0.019769084695382633
-0.1767302342579334,-0.11378057814500886,-0.06294965611292455
0.6384804115961236,0.5147206713315079,0.12375974026461567
0.7254562967057994,0.49643175063154377,0.2290245460742556
0.4538587635124729,0.20276841982300498,0.2510903436894679
-0.0928365459067389,-0.23918162239506635,0.14634507648832745
-0.1251378515133964,-0.0863279217936409,-0.0388099297197555
0.270514687761775,0.9311641816147501,-0.6606494938529751
0.3581592102640467,0.5775596614954063,-0.2194004512313596
0.1366083760465007,0.24126734622166468,-0.10465897017516398
1.4892664367996458,1.0099821217030418,0.47928431509660396
0.2743879378337106,0.46404770087675573,-0.1896597630430451
0.3595776393088303,-0.41470965494919154,0.7742872942580219
1.7217078075048304,1.3808071033239928,0.3409007041808376
1.1884005855575246,0.5582162757595676,0.630184309797957
0.2683984670338596,0.21500203808271612,0.05339642895114349
-1.12211170795883,-1.0219798099152801,-0.10013189804354994
-1.1322665879306129,-1.1237600392851872,-0.00850654864542566
1.312244603513822,0.5246892327087441,0.7875553708050779
0.8841055330357088,0.28890508020542904,0.5952004528302798
-1.1325083707870838,-1.1571715075083937,0.02466313672130993
-0.2239350014194002,0.7090642494227707,-0.932999250842171
1.1695682254966917,1.1602031626592213,0.009365062837470406
0.2205439948961591,-0.03236928213082435,0.25291327702698346
0.0117217931845444,-0.011608159424452036,0.023329952608996438
-0.1263808398944015,0.2627682611804091,-0.3891491010748106
1.1452780602164865,-0.014580628459359035,1.1598586886758455
0.4171576422994251,0.23999394731665824,0.17716369498276685
0.2950026958622941,0.6251387007601931,-0.33013600489789896
0.2900942340115354,0.6671373632056313,-0.37704312919409594
-0.2181384966678829,0.22672725066018107,-0.44486574732806394
-0.1761636353691607,0.5325872475207037,-0.7087508828898644
-0.3631682946569929,-0.24912874691242382,-0.11403954774456909
-1.1291234107964896,-1.1205213735352344,-0.008602037261255191
-0.6703250523912211,0.02340385794097355,-0.6937289103321946
-0.4867405395518168,-0.15881659125146508,-0.3279239483003517
0.3395789227782197,0.03370719432748681,0.3058717284507329
-1.134926199351794,-1.0771572494462924,-0.05776894990550163
1.1573701396317364,0.6608397606392878,0.49653037899244856
0.2877084284846983,0.5285630934837499,-0.24085466499905156
-0.1924813858783334,0.40562520554443837,-0.5981065914227718
0.1163961337714444,-0.4140397847688122,0.5304359185402566
1.846299152406048,0.6046184721606463,1.2416806802454015
0.2186362261879433,0.3473983307251264,-0.1287621045371831
-0.599000890928651,-0.044646241348899385,-0.5543546495797517
1.2460883047956253,0.5198870813295765,0.7262012234660488
-0.2058706702686424,0.3953193756649255,-0.6011900459335678
0.9034887412168208,0.7023827164875588,0.20110602472926198
-0.1727901255596885,-0.3458175662211732,0.1730274406614847
1.1785964760328027,0.3787784388200194,0.7998180372127833
0.9801651930744476,0.6832480155197774,0.2969171775546702
0.1842663197431059,0.3930830772887949,-0.20881675754568899
1.3537424345398783,0.9382899958824488,0.41545243865742953
-0.2109852930894219,0.08439564309608916,-0.2953809361855111
0.0900471161297498,0.12235618140193039,-0.03230906527218058
-0.504479624308926,-0.1584146669994747,-0.3460649573094513
0.0925883853891819,-0.05734759272979406,0.14993597811897597
1.6997608418354817,0.4622490446535722,1.2375117971819094
0.0908684279995535,-0.38098391411554344,0.47185234211509697
0.5103218176997253,1.1387776272664762,-0.628455809566751
-1.1293651936529605,-0.9274840688354238,-0.20188112481753673
-1.124771319380011,-1.0556322838110095,-0.06913903556900158
0.1054872243371953,0.009621855979982219,0.09586536835721308
-0.1102706259985108,1.2338960845090212,-1.3441667105075321
0.3176946376758933,0.8822141882197966,-0.5645195505439033
1.285892857880783,0.13448689772903977,1.151405960151743
0.7967037452521413,0.11865420727210008,0.6780495379800412
-0.019208875411603,0.03964678528256005,-0.05885566069416305
-1.135167982208265,-0.9535801634990594,-0.1815878187092056
-1.1329919365000258,-1.1962883789760785,0.0632964424760527
-0.7785028672750034,-0.37413140014095025,-0.40437146713405314
-1.1332337193564967,-1.0255880002500763,-0.1076457191064204
0.9405097753689124,0.6947912026575779,0.24571857271133457
1.2977526330518567,0.4519076155138869,0.8458450175379698
0.4947100777904835,0.030019915234915318,0.46469016255556816
-0.0916592491091363,-0.09860344283407196,0.006944193724935668
0.5225862472704237,0.9194525232941858,-0.3968662760237621
0.1689403523429464,0.07154366074140006,0.09739669160154635
1.2226591652586905,0.4868634676140703,0.7357956976446202
0.5063895537537059,0.15924574458564045,0.3471438091680654
-1.1337172850694388,-1.0534572903771435,-0.08025999469229528
-0.1198093586590932,-0.4275880923102645,0.3077787336511713
1.0893706397819545,0.5466512366382853,0.5427194031436692
-1.1312994565047287,-1.0604764096063342,-0.07082304689839458
-0.0965382999656015,0.48175145144489917,-0.5782897514105007
1.6574862516162028,1.6042295375751454,0.05325671404105736
-0.5180328065293025,0.41291474137866546,-0.930947547907968
0.2690767004995663,0.15095193170259347,0.11812476879697281
-0.1767889534593933,0.21049112772559664,-0.3872800811849899
-0.2691856148701845,0.32576577686590136,-0.5949513917360858
-0.7749820579660127,0.03439349880981346,-0.8093755567758262
0.720603082803277,0.015766495805971448,0.7048365869973056
-0.192951437188737,0.4517604802559486,-0.6447119174446856
0.9353775724798548,0.24857912004232785,0.6867984524375269
-1.1387947250553303,-0.8393737172280569,-0.29942100782727343
0.4765099403574638,0.7869208290951389,-0.31041088873767514
-1.1371022450600332,-1.1125685070939786,-0.024533737966054625
-1.1366186793470912,-1.1388708709753956,0.0022521916283044785
0.0588786888197874,0.5359515082216421,-0.47707281940185464
0.0292937554275825,-0.2841156737210929,0.3134094291486754
-0.8602240292745856,-0.8391900967614142,-0.021033932513171427
1.3730611495690412,0.7093084184767896,0.6637527310922516
0.7544570693688614,0.5158565113855461,0.23860055798331525
-1.123320622241185,-1.2201486807158344,0.09682805847464948
1.2369041186424887,1.0587182404042008,0.1781858782382879
0.7541863904386631,0.6316599821899144,0.12252640824874872
-1.1268753400846063,-1.1521753239383743,0.02529998385376797
0.4297966515055266,-0.28504127653151645,0.714837928037043
1.353859303338509,1.215810684130016,0.13804861920849287
1.77472692428322,1.0570657484061154,0.7176611758771045
-0.0264461187118504,-0.5825304794417243,0.5560843607298739
-0.4672351437911588,-0.2876348669376043,-0.1796002768535545
0.9184755073249083,0.5206107659787665,0.3978647413461418
-0.4875955083195619,-0.22536585041515067,-0.2622296579044112
-1.1269473650882502,-1.0398980590045537,-0.08704930608369654
-0.1401577879613045,0.06819751095043769,-0.20835529891174218
0.1189607767906028,0.31795535751108217,-0.19899458072047937
0.010744464692714,0.26151634163764814,-0.25077187694493414
-1.1383111593423882,-1.062661766566901,-0.07564939277548732
-0.175712110921999,-0.09837340584990473,-0.07733870507209428
0.9256555974394024,0.8667574959429877,0.05889810149641472
-0.6313505034901484,-0.40710245078873386,-0.22424805270141457
-0.5779245637905404,-0.28862654207184246,-0.2892980217186979
-1.135167982208265,-0.8702223403406869,-0.2649456418675781
-0.455773825288192,0.3812966563165098,-0.8370704816047018
-0.4371940046195277,-0.06399732809944936,-0.3731966765200783
0.0036150090385529,0.650163528728453,-0.6465485196899
-0.1862244309567919,-0.15093601591704864,-0.035288415039743254
0.5409174352287589,0.4542103797933551,0.0867070554354038
-1.1281562793706057,-0.9732795219078189,-0.15487675746278684
-0.66023505947692,-0.1941480066680561,-0.46608705280886387
0.6419976154762177,0.8067774985912622,-0.16477988311504455
-0.044668216292469,0.268661831409568,-0.313330047702037
1.6394544599369345,0.9715218975980998,0.6679325623388347
-0.2852219795299154,-0.5559106210503069,0.27068864152039146
0.2685199179318466,0.397295313154271,-0.12877539522242443
0.1006949113183652,0.6204367159205099,-0.5197418046021447
0.1320453081520633,-0.13897170710450146,0.27101701525656474
-0.4173306888180582,0.3078903255259696,-0.7252210143440279
-1.1317830222176708,-1.1772704959364577,0.04548747371878692
0.2122999179441488,0.9667682120340694,-0.7544682940899206
-1.1387947250553303,-0.9865035610915636,-0.15229116396376674
-0.4835521262302256,-0.5784645890122632,0.09491246278203758
0.7296417688811845,0.8606005919760481,-0.13095882309486362
1.5828523864310058,0.7244832888465017,0.8583690975845041
0.0279766960494242,0.5171167819939723,-0.48914008594454805
0.7668372852545026,0.46465733824891,0.3021799470055926
0.6143065060283435,-0.0806330178899668,0.6949395239183103
-1.13637689649062,-1.060846102523314,-0.075530793967306
-1.1385529421988592,-1.228022360226349,0.08946941802748976
0.6543001118996754,-0.007207299302943393,0.6615074112026188
0.3486028661466392,0.4090144479208334,-0.0604115817741942
1.6087485652463196,0.8534356855375237,0.7553128797087959
0.6629365936115365,0.6222438645336849,0.0406927290778516
-1.135651547921207,-1.073565433218283,-0.06208611470292413
-1.1303323250788446,-1.1424087058120267,0.012076380733182068
0.5111824495374637,0.9336481101566482,-0.42246566061918445
0.8094220895525877,0.732350215319676,0.07707187423291162
1.274255908341591,0.8191081878567253,0.4551477204848656
-0.5408489322995023,-0.1874038331833684,-0.35344509911613387
-1.1293651936529605,-0.8983932094841964,-0.23097198416876408
1.9135169616069043,0.36917038624224563,1.5443465753646586
-0.1966789355489538,0.20745001248896877,-0.40412894803792254
0.3866303334646425,0.38910447653007807,-0.0024741430654355856
1.2812981659212737,0.6043861103774658,0.6769120555438078
0.9614842477953266,0.6221807686800579,0.3393034791152687
0.4556768395634467,0.725763053702592,-0.2700862141391453
0.8865096568254339,0.13748531062290714,0.7490243462025268
0.8375870278843018,0.5454004845807098,0.29218654330359206
-1.1315412393611997,-0.830723981053088,-0.3008172583081117
2.082051504757263,1.2340506948248056,0.8480008099324574
0.8990164469502626,0.4451422121215819,0.4538742348286807
-0.420113747514281,0.14998999646015665,-0.5701037439744376
-0.4953341323226614,0.5476057423928004,-1.0429398747154617
0.9027247167084428,1.1168535718559687,-0.2141288551475259
-0.2573438632893747,0.6783935716609585,-0.9357374349503331
-0.6373589548097651,0.8502887756781511,-1.4876477304879163
0.7898534274338781,0.45921293041819367,0.33064049701568443
1.0028085565557598,1.3240672519760204,-0.32125869542026053
0.104538778758453,0.5346664723430429,-0.4301276935845899
-0.244705936566961,-0.189089351850929,-0.05561658471603198
-0.10766582709695,0.00983068582961144,-0.11749651292656144
1.1054853993213862,0.556857701932698,0.5486276973886882
-1.138069376485917,-1.0746705989187766,-0.06339877756714052
0.3587500056663739,0.6294380734093897,-0.27068806774301585
0.1969591946738636,-0.540899366087256,0.7378585607611196
0.0791885596438493,-0.08748731416958433,0.16667587381343363
1.3476861795384,0.6018083305457461,0.745877848992654
0.7566514996712993,0.7372558758184343,0.019395623852864974
1.7406119591607254,1.3985091021621079,0.34210285699861753
-0.5366728395035033,-0.0073768442646939825,-0.5292959952388093
-0.5541784281653024,-0.12896254750125102,-0.42521588066405136
-0.4446064734028799,-0.318125417537343,-0.12648105586553687
-1.1395200736247433,-0.8741195480666613,-0.265400525558082
-0.2163162491379416,0.4267470456718879,-0.6430632948098295
0.8002889449259549,0.19690686577827543,0.6033820791476795
-0.0774251251726666,-0.090957614958033,0.013532489785366406
-0.4731164381066604,0.34596421735172933,-0.8190806554583897
0.9398759619171648,0.9806629735999509,-0.04078701168278609
-0.5041390458605425,-0.002518255056436991,-0.5016207908041055
-0.8832248890156806,-0.009912974326400259,-0.8733119146892804
0.4998899552529989,0.4941341147594488,0.005755840493550102
-0.6435957672359034,0.15845869004705382,-0.8020544572829572
1.169917041089782,0.6981317104723924,0.4717853306173895
-1.135651547921207,-1.0164969324674915,-0.11915461545371553
0.0858743472506628,0.7555217745570405,-0.6696474273063777
0.6356163226814445,1.0935909542841378,-0.45797463160269325
0.8836222007313479,0.6923207541597477,0.1913014465716002
0.7304685782567615,0.6343047576565236,0.09616382060023787
1.1900841084414129,0.7424624586868224,0.4476216497545905
-1.1402454221941565,-0.8290484339457169,-0.31119698824843955
0.6584947796623194,-0.2757752500700168,0.9342700297323362
-0.7212339011170438,0.46830155489390435,-1.1895354560109481
-0.1410633496662989,-0.2621791528755283,0.12111580320922938
0.9240364634072874,0.6005190082636785,0.32351745514360886
-1.125980233662366,-1.0088922320133062,-0.11708800164905986
-0.227225963098112,0.09928293325003501,-0.326508896348147
1.278309063715846,1.2586655338869077,0.019643529828938355
-1.1414543364765115,-1.040318846107443,-0.10113549036906844
0.0715042813432079,-0.1513878021163665,0.2228920834595744
-0.3735323020659921,0.6846226961073884,-1.0581549981733804
0.4275259320678883,0.07054643457364762,0.3569794974942407
-0.040684536655372,0.300487431958563,-0.34117196861393495
-0.5190891075984925,-0.009955551370012805,-0.5091335562284797
1.3415680039466342,0.15187780034268872,1.1896902036039454
-0.2839637750419408,0.1841366621452053,-0.4681004371871461
0.4501751555719592,1.2989472182070556,-0.8487720626350964
-0.8332750570991199,-0.07438210902021469,-0.7588929480789052
-0.3535961749628653,0.1704041707007663,-0.5240003456636315
-0.4779201582704776,0.15114705182403598,-0.6290672100945136
0.1547083903477508,0.2551288269702813,-0.10042043662253047
1.767424234455739,1.3544133769978481,0.4130108574578908
2.182764182051439,1.2394659498261906,0.9432982322252483
-0.2954946735822422,0.6379019400126634,-0.9333966135949057
0.4763011820175523,0.1775251644043797,0.2987760176131726
1.4131799211347025,1.1461052372129954,0.2670746839217071
-0.4077967534375056,-0.03162209015900397,-0.37617466327850163
0.4989972391133455,0.06689687039985548,0.43210036871349
0.2868619302702413,0.6584172906430897,-0.3715553603728484
0.308042869986889,0.31703595218204705,-0.008993082195158042
1.1706645416922918,0.8157066248152701,0.3549579168770217
-0.8659475688078144,-0.10107238088903814,-0.7648751879187763
-1.1088136508529238,-1.12223102359226,0.013417372739336075
-1.135893330777678,-1.1810462600992935,0.04515292932161552
1.7134890211976503,1.471626238925757,0.24186278227189328
0.4529502287599639,-0.05414227156474982,0.5070925003247138
-0.54096280830966,0.37407392110362647,-0.9150367294132865
0.2426577701790476,0.7670876332335047,-0.524429863054457
0.4446123322209295,-0.14920745411064018,0.5938197863315697
0.0689693024678821,0.4669012638513691,-0.39793196138348697
0.1696782685199337,1.0211325930429265,-0.8514543245229927
0.5625747348678243,0.49629857247509845,0.06627616239272582
-1.1159035399699295,-0.908591266032147,-0.2073122739377825
0.4333762595079269,0.3839277437490741,0.049448515758852785
0.1421958014642054,0.7217635850161236,-0.5795677835519182
1.1614550350188282,0.9289774030640975,0.2324776319547307
-0.3815047168370249,-0.28349241955522564,-0.09801229728179928
0.1133659850854234,0.06608867427995435,0.047277310805469056
0.9677590906184088,0.6646536373467778,0.30310545327163096
0.596624279784363,0.5475258608791008,0.04909841890526223
0.3759853822151375,-0.07563989952747285,0.45162528174261035
-0.3531434652448896,0.638016478143271,-0.9911599433881606
-0.7186177563345382,-0.3138679285648146,-0.40474982776972357
0.4958764590684885,0.4290898724178188,0.06678658665066967
-0.2534320000555672,0.23300020590444726,-0.48643220596001446
1.5767541877704234,1.2902598587108005,0.2864943290596229
-0.1768185745670913,0.29940965559139665,-0.4762282301584879
-0.2759170872537207,0.46152269460650175,-0.7374397818602225
-0.1833701036794425,0.648648772245025,-0.8320188759244675
2.317026079721712,1.109072266293487,1.207953813428225
1.251818926078243,0.5686464843118647,0.6831724417663784
0.2397735949657385,0.19705643611971635,0.042717158846022146
2.0875325495606885,1.352490587087308,0.7350419624733804
-0.5743432905395245,0.10321527699057864,-0.6775585675301031
0.7949762939796841,1.0038253320871533,-0.20884903810746924
-0.5242328599015803,0.3495127793578653,-0.8737456392594456
0.1863223033572575,0.5440351193886283,-0.35771281603137073
-0.427988662844712,0.9303215965424682,-1.35831025938718
0.729548667747812,-0.2064818556129202,0.9360305233607322
-1.137344027916504,-0.9166773415265491,-0.2206666863899548
0.4662480706851964,0.212438803941433,0.2538092667437634
0.400275345475308,0.4285886515179044,-0.028313306042596353
-0.1957272040221663,0.7027087961273998,-0.8984360001495661
0.8105908479525405,0.28214015879662424,0.5284506891559163
-1.135409765064736,-1.1087771808510656,-0.02663258421367032
2.175323941201132,1.4136724202333957,0.7616515209677361
0.3265842678661282,0.07927215821362232,0.24731210965250588
0.8596079237948107,0.14262305967203648,0.7169848641227742
-1.1020437308717352,-1.095278019170443,-0.006765711701292254
-0.7091589481135481,-0.35610012038105954,-0.35305882773248853
0.3397599834758567,0.9268691300328588,-0.5871091465570021
-1.1322665879306129,-1.041979054627487,-0.09028753330312589
1.3572713584654914,0.038650151081618955,1.3186212073838726
1.558202082971941,0.9633477212454423,0.5948543617264986
-0.1289231718965631,-0.22507899506847384,0.09615582317191074
-0.7102705102916133,-0.2033460208456791,-0.5069244894459342
1.3497181752393512,1.6394768647107205,-0.2897586894713693
-1.135167982208265,-1.0368235264704386,-0.09834445573782635
0.3753088205783658,0.6694166597958183,-0.29410783921745254
-0.4544580868695718,0.3337670703735799,-0.7882251572431517
0.0483606064820928,-0.09965501092479812,0.1480156174068909
-0.1791690098439681,0.6371275863438622,-0.8162965961878303
-1.1283980622270764,-1.025743340707367,-0.10265472151970934
0.2576499907567739,0.22595443238055457,0.031695558376219346
1.0756946922843726,0.27453983296239215,0.8011548593219805
0.2966383735412358,0.7318417558809746,-0.43520338233973876
0.5945867551890917,-0.010728987840108783,0.6053157430292004
0.8499357918494097,1.0890267653185912,-0.2390909734691815
0.8045362946554924,0.5035948698446714,0.300941424810821
2.337930775158025,1.6898175892005463,0.6481131859574787
0.4120466446485004,-0.10874008652344036,0.5207867311719407
-1.13395906792591,-0.9038387375831525,-0.23012033034275747
1.122712998962286,1.0055675668339479,0.11714543212833806
-1.1279144965141343,-0.970422792275338,-0.15749170423879633
0.3611456158666761,0.3651497165312828,-0.004004100664606713
0.4941058722857947,-0.5830753939055219,1.0771812661913165
0.2750811028683004,0.6945529026649399,-0.41947179979663946
-0.0913854928312468,-0.2301575066540773,0.1387720138228305
-1.1303323250788446,-1.0442663930171752,-0.08606593206166946
-0.0847535228456862,0.5722991225429005,-0.6570526453885867
1.085598029275405,0.8444467303502116,0.2411512989251935
0.7248206094050815,0.5218255217911044,0.2029950876139771
-1.1320248050741415,-0.9386471256714493,-0.19337767940269224
0.3859066369832059,0.5121148042403904,-0.12620816725718448
-1.1320248050741415,-1.1845339396223462,0.05250913454820472
2.617991304253404,1.9862043634622637,0.6317869407911405
0.9964963719138892,0.06345014862782528,0.9330462232860639
-0.3369322806551738,-0.008422546912853823,-0.32850973374231995
0.6298500845796459,-0.5941187118207224,1.2239687964003683
0.792365512527279,0.3338317128713383,0.45853379965594077
-0.3976655849342075,0.16972255017702442,-0.567388135111232
-1.1267055822317793,-1.1227691984360333,-0.003936383795746012
1.1033962139788671,0.9514067633839755,0.15198945059489166
1.0488855753420516,0.8634966060096759,0.1853889693323757
0.5637206293613481,0.9362064306469159,-0.37248580128556774
0.2904763075297669,0.20281822641979008,0.0876580811099768
1.2684530104188412,1.4139686463263512,-0.14551563590751004
-1.1404872050506274,-0.8448192453270128,-0.2956679597236146
0.9591850925208044,1.221619335987187,-0.26243424346638256
-1.134926199351794,-0.8197949680583597,-0.31513123129343434
0.1098505755623489,-0.45793017500687383,0.5677807505692227
0.9533971955243496,0.8139554156319403,0.13944177989240936
2.1970531564763944,1.4726035611642865,0.724449595312108
0.4013516847397241,0.22733648091437997,0.17401520382534413
-0.0621557580688279,0.038956089296987684,-0.10111184736581558
0.278533720943856,0.0593321690962022,0.21920155184765377
-1.1300905422223737,-1.1693638954860899,0.03927335326371617
1.1838708120440435,0.4308057916790554,0.7530650203649881
-0.3094351139260927,0.03495618818116053,-0.3443913021072532
0.5340961608205346,0.4018394854246933,0.1322566753958413
1.0186815398190396,0.5707704848635505,0.4479110549554891
-1.134684416495323,-1.0963288403324603,-0.03835557616286267
-1.132750153643555,-1.1233651893318348,-0.00938496431172009
-0.1579921489536988,0.0895972522841898,-0.2475894012378886
-0.3177143707556172,0.043306167577758514,-0.3610205383333757
-0.0258109412644298,0.15329859487646413,-0.17910953614089392
1.7057124893256916,0.8843170615528847,0.8213954277728069
-0.4682679668004454,-0.07251104511027984,-0.3957569216901656
-0.7353213827436043,-0.3199141946579024,-0.4154071880857019
0.4774031430552382,0.44711895806069213,0.03028418499454605
0.1891772397208124,0.030778814598739435,0.15839842512207297
-0.1275207022206268,-0.15552157801921374,0.028000875798586927
-1.123562405097656,-1.1043541226518034,-0.019208282445852598
-0.443407504549982,0.1836822714545424,-0.6270897760045244
-1.1229409506531285,-1.0796689014172904,-0.04327204923583805
1.0020830854582612,0.7863907365556521,0.21569234890260913
0.247910410839817,0.03772587627623103,0.21018453456358596
-0.0022120074188528,0.4020511303753268,-0.4042631377941796
0.3696312108780296,0.6229101892425061,-0.2532789783644765
0.5913983236395924,0.7519403631847846,-0.1605420395451922
-0.5760996378857086,-0.023956412987866993,-0.5521432248978416
1.0804373044771944,0.6105273975122169,0.4699099069649776
-1.133475502212968,-0.8880679262018568,-0.24540757601111107
-0.4362135061274169,0.23820966008241518,-0.6744231662098321
-1.1385529421988592,-0.9649526637235062,-0.17360027847535298
0.6708543315516724,0.7171824519917572,-0.04632812044008483
0.8635943911742442,0.21019259996705364,0.6534017912071906
1.0582653365610002,0.33794635939692463,0.7203189771640756
1.1228242097581922,0.48225286465215833,0.6405713451060339
-0.7940839663699527,-0.050928877484304746,-0.743155088885648
-1.1383111593423882,-0.9848053327454991,-0.15350582659688916
-0.4350325973205985,0.23741301572169993,-0.6724456130422984
1.576154398800872,1.1304610185818444,0.4456933802190275
-0.1924695367244105,-0.03782537896510463,-0.15464415775930587
-0.3234109675560385,0.3965193002171302,-0.7199302677731687
1.2104059889163483,1.1720478241361962,0.03835816478015208
-0.6452963188116879,-0.0354915920280251,-0.6098047267836628
-0.2757204661600363,0.6346932531840123,-0.9104137193440486
0.8993229877558113,0.9761125139430452,-0.07678952618723389
0.4643407141104204,0.3569299389224142,0.10741077518800618
0.1595388016078863,-0.2474785206817135,0.4070173222895998
0.1685692373804475,0.8470937453006121,-0.6785245079201646
-1.1259082086587222,-0.8984557667338886,-0.2274524419248336
0.755260978382194,0.3258817975130205,0.4293791808691735
0.8464754166069486,0.30012024844736673,0.5463551681595818
-0.3705980984524538,-0.5452677904621764,0.17466969200972265
-1.138069376485917,-1.1259879843955796,-0.01208139209033754
0.3507922971490128,0.805467333198011,-0.4546750360489982
-1.138069376485917,-1.063292783870574,-0.0747765926153432
1.2093645115616465,0.8711549852302048,0.33820952633144163
0.6749698677530569,0.3680868503524025,0.3068830174006544
0.4796885257104138,0.13374269922587778,0.34594582648453603
-0.0767967909987851,0.4491472471719221,-0.5259440381707072
0.6530951903714295,0.3626630936147551,0.29043209675667436
-0.5067600922232557,0.13397306787274654,-0.6407331600960022
-1.1315412393611997,-1.1014306495842783,-0.03011058977692138
0.2834419924221674,0.1268845013316623,0.1565574910905051
-1.1252548850929531,-1.117297285071055,-0.007957600021898159
0.1663992916838684,0.623827555291755,-0.45742826360788663
-1.124771319380011,-0.9672565409961414,-0.15751477838386962
0.136744255240393,1.1223791491299595,-0.9856348938895665
0.7940557875451674,0.5237922483029983,0.27026353924216906
1.301103922983871,0.7391482037826301,0.5619557192012409
-0.0301578480756658,0.5650693170048778,-0.5952271650805436
0.4719545698789403,1.1411473286127496,-0.6691927587338093
-1.1387947250553303,-0.9046765111368381,-0.2341182139184922
1.3110463764097524,1.0748557600589073,0.23619061635084515
1.1259502736411997,1.0323194370143982,0.0936308366268015
-0.3698447509878236,-0.2557147411050694,-0.11413000988275418
-0.3350027786276203,-0.14987175194494484,-0.18513102668267545
-1.136135113634149,-1.099654348654655,-0.03648076497949404
-0.3932270883215834,0.5087498413611061,-0.9019769296826895
-0.320424758906175,0.005992103288760098,-0.3264168621949351
0.3262466062684853,0.9970404332523847,-0.6707938269838993
0.4487724838759883,0.5998357664790709,-0.1510632826030826
-1.1371022450600332,-1.1027589036021614,-0.03434334145787177
-0.0021771222139622,0.8260162090171695,-0.8281933312311317
0.026691677937047,0.7907512848334423,-0.7640596068963953
-1.1342008507823809,-1.1023229972202453,-0.03187785356213557
-1.134128825778737,-1.0296271274670235,-0.10450169831171352
0.988075816363598,0.8947634968658059,0.09331231949779206
2.67847198964832,2.1712153220550725,0.5072566675932473
1.4792560437768176,0.7674541325175236,0.711801911259294
1.1041739979459528,0.8885692098665244,0.2156047880794284
-1.1395200736247433,-1.0624879678098353,-0.07703210581490794
-0.5437778156190742,-0.11610347490334638,-0.42767434071572785
-1.1404872050506274,-0.9394465834933152,-0.20104062155731217
-1.1395200736247433,-1.030689145624026,-0.10883092800071736
-1.1320248050741415,-0.8592307700962666,-0.2727940349778749
1.2821500456937391,0.4678758823213004,0.8142741633724387
-1.125980233662366,-1.0666278104721942,-0.059352423190171866
-0.5451657511858774,0.15609108396092453,-0.7012568351468019
1.4115455163118948,1.1119905200171534,0.29955499629474147
-0.7800985910915772,-0.03399856768556686,-0.7461000234060103
2.3344295984911403,1.6486739466548541,0.6857556518362862
1.1139279580554118,0.5966345202187054,0.5172934378367063
0.3272356745467927,1.0979756508757643,-0.7707399763289716
-0.5690733579027814,0.27470087327750836,-0.8437742311802897
0.3274322824798382,0.8191623335367745,-0.4917300510569363
-0.2287603754106049,0.24039244572852547,-0.46915282113913037
-0.1457073682872428,0.00901758213375825,-0.15472495042100104
0.2395740868968092,0.630278130615103,-0.39070404371829376
-0.5354902968366159,-0.009462545836420255,-0.5260277510001956
1.0369512324811665,0.8595167185618954,0.17743451391927112
-0.7112933083794928,-0.10527738120318986,-0.6060159271763029
-0.6877724681606732,0.6866646399204953,-1.3744371080811684
1.389088158144562,0.03359403112094028,1.3554941270236216
2.221459937405691,1.8120711430400935,0.4093887943655976
-0.0016563918940397,0.9855521124922609,-0.9872085043863006
-1.1298487593659026,-0.995725574936729,-0.1341231844291736
1.443332055921566,1.017512724970945,0.4258193309506211
-0.191335448348675,-0.4514542623237766,0.2601188139751016
1.6038721497286106,1.3947663430228356,0.20910580670577494
0.2979614716670116,0.6990131497549236,-0.401051678087912
0.7170190516854205,0.08789714172373253,0.6291219099616879
1.96713510586506,1.3190327478566193,0.6481023580084406
